{
    "name": "root",
    "gauges": {
        "AGV.Policy.Entropy.mean": {
            "value": 0.049517545849084854,
            "min": 0.0252807829529047,
            "max": 1.9418102502822876,
            "count": 160
        },
        "AGV.Policy.Entropy.sum": {
            "value": 247.43917846679688,
            "min": 125.08931732177734,
            "max": 15121.5927734375,
            "count": 160
        },
        "AGV.JSSP.best-makespan.mean": {
            "value": 76.16502380371094,
            "min": 76.16502380371094,
            "max": 104.58133697509766,
            "count": 160
        },
        "AGV.JSSP.best-makespan.sum": {
            "value": 76.16502380371094,
            "min": 76.16502380371094,
            "max": 104.58133697509766,
            "count": 160
        },
        "AGV.TrainingStep.mean": {
            "value": 8476.0,
            "min": 95.0,
            "max": 8476.0,
            "count": 160
        },
        "AGV.TrainingStep.sum": {
            "value": 8476.0,
            "min": 95.0,
            "max": 8476.0,
            "count": 160
        },
        "AGV.Environment.EpisodeLength.mean": {
            "value": 23.009615384615383,
            "min": 23.0,
            "max": 48.82,
            "count": 160
        },
        "AGV.Environment.EpisodeLength.sum": {
            "value": 4786.0,
            "min": 4761.0,
            "max": 4939.0,
            "count": 160
        },
        "AGV.JSSP.AverageMakespan.mean": {
            "value": 77.19647840353159,
            "min": 77.15519590240916,
            "max": 119.6371898651123,
            "count": 160
        },
        "AGV.JSSP.AverageMakespan.sum": {
            "value": 16056.86750793457,
            "min": 11854.811157226562,
            "max": 16555.178230285645,
            "count": 160
        },
        "AGV.Step.mean": {
            "value": 799978.0,
            "min": 4961.0,
            "max": 799978.0,
            "count": 160
        },
        "AGV.Step.sum": {
            "value": 799978.0,
            "min": 4961.0,
            "max": 799978.0,
            "count": 160
        },
        "AGV.Policy.ExtrinsicValueEstimate.mean": {
            "value": -20.032268524169922,
            "min": -29.266319274902344,
            "max": 0.4691697359085083,
            "count": 160
        },
        "AGV.Policy.ExtrinsicValueEstimate.sum": {
            "value": -4166.7119140625,
            "min": -4887.380859375,
            "max": 49.262821197509766,
            "count": 160
        },
        "AGV.Environment.CumulativeReward.mean": {
            "value": -42.23643286411579,
            "min": -84.35610485076904,
            "max": -42.19524292284222,
            "count": 160
        },
        "AGV.Environment.CumulativeReward.sum": {
            "value": -8785.178035736084,
            "min": -10673.611865997314,
            "max": -8397.519260406494,
            "count": 160
        },
        "AGV.Policy.ExtrinsicReward.mean": {
            "value": -42.23643286411579,
            "min": -84.35610485076904,
            "max": -42.19524292284222,
            "count": 160
        },
        "AGV.Policy.ExtrinsicReward.sum": {
            "value": -8785.178035736084,
            "min": -10673.611865997314,
            "max": -8397.519260406494,
            "count": 160
        },
        "AGV.IsTraining.mean": {
            "value": 1.0,
            "min": 1.0,
            "max": 1.0,
            "count": 160
        },
        "AGV.IsTraining.sum": {
            "value": 1.0,
            "min": 1.0,
            "max": 1.0,
            "count": 160
        },
        "AGV.Losses.PolicyLoss.mean": {
            "value": 0.09689508643040949,
            "min": 0.07616358213326944,
            "max": 0.11663177914600423,
            "count": 133
        },
        "AGV.Losses.PolicyLoss.sum": {
            "value": 0.09689508643040949,
            "min": 0.07616358213326944,
            "max": 0.11663177914600423,
            "count": 133
        },
        "AGV.Losses.ValueLoss.mean": {
            "value": 0.05956464985811568,
            "min": 0.003017262974691387,
            "max": 263.1222683926846,
            "count": 133
        },
        "AGV.Losses.ValueLoss.sum": {
            "value": 0.05956464985811568,
            "min": 0.003017262974691387,
            "max": 263.1222683926846,
            "count": 133
        },
        "AGV.Policy.LearningRate.mean": {
            "value": 1.7849982250005267e-08,
            "min": 1.7849982250005267e-08,
            "max": 9.924800075200006e-05,
            "count": 133
        },
        "AGV.Policy.LearningRate.sum": {
            "value": 1.7849982250005267e-08,
            "min": 1.7849982250005267e-08,
            "max": 9.924800075200006e-05,
            "count": 133
        },
        "AGV.Policy.Epsilon.mean": {
            "value": 0.10001774999999996,
            "min": 0.10001774999999996,
            "max": 0.19924800000000006,
            "count": 133
        },
        "AGV.Policy.Epsilon.sum": {
            "value": 0.10001774999999996,
            "min": 0.10001774999999996,
            "max": 0.19924800000000006,
            "count": 133
        },
        "AGV.Policy.Beta.mean": {
            "value": 1.0175725000000052e-05,
            "min": 1.0175725000000052e-05,
            "max": 0.0009925551999999996,
            "count": 133
        },
        "AGV.Policy.Beta.sum": {
            "value": 1.0175725000000052e-05,
            "min": 1.0175725000000052e-05,
            "max": 0.0009925551999999996,
            "count": 133
        }
    },
    "metadata": {
        "timer_format_version": "0.1.0",
        "start_time_seconds": "1667948087",
        "python_version": "3.7.13 (default, Mar 28 2022, 08:03:21) [MSC v.1916 64 bit (AMD64)]",
        "command_line_arguments": "C:\\Users\\diego\\anaconda3\\envs\\mlagents\\Scripts\\mlagents-learn C:\\Users\\diego\\Documents\\Pipe_parasite\\config\\6x3x1.yaml --env C:\\Users\\diego\\Documents\\Pipe_parasite\\6x3x1\\ins_0\\FAS.exe --no-graphics --run-id 6x3x1_ins_0 --num-envs 4",
        "mlagents_version": "0.28.0",
        "mlagents_envs_version": "0.28.0",
        "communication_protocol_version": "1.5.0",
        "pytorch_version": "1.7.1+cu110",
        "numpy_version": "1.21.6",
        "end_time_seconds": "1667949866"
    },
    "total": 1779.0559021,
    "count": 1,
    "self": 0.43813440000008086,
    "children": {
        "run_training.setup": {
            "total": 0.3926685999999999,
            "count": 1,
            "self": 0.3926685999999999
        },
        "TrainerController.start_learning": {
            "total": 1778.2250990999999,
            "count": 1,
            "self": 7.11664710001719,
            "children": {
                "TrainerController._reset_env": {
                    "total": 6.2741756,
                    "count": 1,
                    "self": 6.2741756
                },
                "TrainerController.advance": {
                    "total": 1764.7163713999826,
                    "count": 212372,
                    "self": 6.442576699939764,
                    "children": {
                        "env_step": {
                            "total": 1373.7348791000086,
                            "count": 212372,
                            "self": 271.9788652000384,
                            "children": {
                                "SubprocessEnvManager._take_step": {
                                    "total": 1097.3453175999657,
                                    "count": 301897,
                                    "self": 21.832687499993426,
                                    "children": {
                                        "TorchPolicy.evaluate": {
                                            "total": 1075.5126300999723,
                                            "count": 274273,