{
    "name": "root",
    "gauges": {
        "AGV.Policy.Entropy.mean": {
            "value": 0.08358150720596313,
            "min": 0.08182618767023087,
            "max": 1.941274642944336,
            "count": 440
        },
        "AGV.Policy.Entropy.sum": {
            "value": 394.0867919921875,
            "min": 394.0867919921875,
            "max": 13552.0380859375,
            "count": 440
        },
        "AGV.JSSP.best-makespan.mean": {
            "value": 50.9794921875,
            "min": -1.0,
            "max": 65.97999572753906,
            "count": 440
        },
        "AGV.JSSP.best-makespan.sum": {
            "value": 50.9794921875,
            "min": -1.0,
            "max": 65.97999572753906,
            "count": 440
        },
        "AGV.TrainingStep.mean": {
            "value": 23012.0,
            "min": 60.0,
            "max": 23012.0,
            "count": 440
        },
        "AGV.TrainingStep.sum": {
            "value": 23012.0,
            "min": 60.0,
            "max": 23012.0,
            "count": 440
        },
        "AGV.Environment.EpisodeLength.mean": {
            "value": 18.099236641221374,
            "min": 17.825757575757574,
            "max": 32.26315789473684,
            "count": 440
        },
        "AGV.Environment.EpisodeLength.sum": {
            "value": 4742.0,
            "min": 4672.0,
            "max": 4904.0,
            "count": 440
        },
        "AGV.JSSP.AverageMakespan.mean": {
            "value": 50.98046875,
            "min": 50.9798101380814,
            "max": 78.6592065911544,
            "count": 440
        },
        "AGV.JSSP.AverageMakespan.sum": {
            "value": 6678.44140625,
            "min": 5791.628246307373,
            "max": 7444.707202911377,
            "count": 440
        },
        "AGV.Step.mean": {
            "value": 2199987.0,
            "min": 4978.0,
            "max": 2199987.0,
            "count": 440
        },
        "AGV.Step.sum": {
            "value": 2199987.0,
            "min": 4978.0,
            "max": 2199987.0,
            "count": 440
        },
        "AGV.Policy.ExtrinsicValueEstimate.mean": {
            "value": -7.2752509117126465,
            "min": -14.368598937988281,
            "max": 0.07976489514112473,
            "count": 440
        },
        "AGV.Policy.ExtrinsicValueEstimate.sum": {
            "value": -1906.11572265625,
            "min": -3082.13232421875,
            "max": 12.204029083251953,
            "count": 440
        },
        "AGV.Environment.CumulativeReward.mean": {
            "value": -21.6020867733555,
            "min": -49.31630631989124,
            "max": -21.600624431263316,
            "count": 440
        },
        "AGV.Environment.CumulativeReward.sum": {
            "value": -5659.746734619141,
            "min": -8544.247032165527,
            "max": -5481.370681762695,
            "count": 440
        },
        "AGV.Policy.ExtrinsicReward.mean": {
            "value": -21.6020867733555,
            "min": -49.31630631989124,
            "max": -21.600624431263316,
            "count": 440
        },
        "AGV.Policy.ExtrinsicReward.sum": {
            "value": -5659.746734619141,
            "min": -8544.247032165527,
            "max": -5481.370681762695,
            "count": 440
        },
        "AGV.IsTraining.mean": {
            "value": 1.0,
            "min": 1.0,
            "max": 1.0,
            "count": 440
        },
        "AGV.IsTraining.sum": {
            "value": 1.0,
            "min": 1.0,
            "max": 1.0,
            "count": 440
        },
        "AGV.Losses.PolicyLoss.mean": {
            "value": 0.10177515809761083,
            "min": 0.07024141063695734,
            "max": 0.12102034199301914,
            "count": 365
        },
        "AGV.Losses.PolicyLoss.sum": {
            "value": 0.10177515809761083,
            "min": 0.07024141063695734,
            "max": 0.12102034199301914,
            "count": 365
        },
        "AGV.Losses.ValueLoss.mean": {
            "value": 0.00014494107559353034,
            "min": 0.00011950927523201322,
            "max": 78.13857306203535,
            "count": 365
        },
        "AGV.Losses.ValueLoss.sum": {
            "value": 0.00014494107559353034,
            "min": 0.00011950927523201322,
            "max": 78.13857306203535,
            "count": 365
        },
        "AGV.Policy.LearningRate.mean": {
            "value": 3.714541750000449e-08,
            "min": 3.714541750000449e-08,
            "max": 9.972686390950006e-05,
            "count": 365
        },
        "AGV.Policy.LearningRate.sum": {
            "value": 3.714541750000449e-08,
            "min": 3.714541750000449e-08,
            "max": 9.972686390950006e-05,
            "count": 365
        },
        "AGV.Policy.Epsilon.mean": {
            "value": 0.10003704545454546,
            "min": 0.10003704545454546,
            "max": 0.19972686363636366,
            "count": 365
        },
        "AGV.Policy.Epsilon.sum": {
            "value": 0.10003704545454546,
            "min": 0.10003704545454546,
            "max": 0.19972686363636366,
            "count": 365
        },
        "AGV.Policy.Beta.mean": {
            "value": 1.0366750000000046e-05,
            "min": 1.0366750000000046e-05,
            "max": 0.0009972959500000006,
            "count": 365
        },
        "AGV.Policy.Beta.sum": {
            "value": 1.0366750000000046e-05,
            "min": 1.0366750000000046e-05,
            "max": 0.0009972959500000006,
            "count": 365
        }
    },
    "metadata": {
        "timer_format_version": "0.1.0",
        "start_time_seconds": "1667953995",
        "python_version": "3.7.13 (default, Mar 28 2022, 08:03:21) [MSC v.1916 64 bit (AMD64)]",
        "command_line_arguments": "C:\\Users\\diego\\anaconda3\\envs\\mlagents\\Scripts\\mlagents-learn C:\\Users\\diego\\Documents\\Pipe_parasite\\config\\6x3x2.yaml --env C:\\Users\\diego\\Documents\\Pipe_parasite\\6x3x2_L2\\ins_2\\FAS.exe --no-graphics --run-id 6x3x2_L2_ins_2 --num-envs 4 --base-port 5020",
        "mlagents_version": "0.28.0",
        "mlagents_envs_version": "0.28.0",
        "communication_protocol_version": "1.5.0",
        "pytorch_version": "1.7.1+cu110",
        "numpy_version": "1.21.6",
        "end_time_seconds": "1667957112"
    },
    "total": 3116.7774563000003,
    "count": 1,
    "self": 0.4567512000003262,
    "children": {
        "run_training.setup": {
            "total": 0.3039529000000001,
            "count": 1,
            "self": 0.3039529000000001
        },
        "TrainerController.start_learning": {
            "total": 3116.0167522,
            "count": 1,
            "self": 10.63488939995841,
            "children": {
                "TrainerController._reset_env": {
                    "total": 4.0210796,
                    "count": 1,
                    "self": 4.0210796
                },
                "TrainerController.advance": {
                    "total": 3101.2551663000413,
                    "count": 297613,
                    "self": 10.449134000087724,
                    "children": {
                        "env_step": {
                            "total": 1934.3844121999748,
                            "count": 297613,
                            "self": 503.3676955000376,
                            "children": {
                                "SubprocessEnvManager._take_step": {
                                    "total": 1424.491207199956,
                                    "count": 402962,
                                    "self": 30.625552599879484,
                                    "children": {
                                        "TorchPolicy.evaluate": {
                                            "total": 1393.8656546000766,
                                            "count": 351199,