{
    "name": "root",
    "gauges": {
        "AGV.Policy.Entropy.mean": {
            "value": 0.013440314680337906,
            "min": 0.009591617621481419,
            "max": 1.939887523651123,
            "count": 160
        },
        "AGV.Policy.Entropy.sum": {
            "value": 67.1881332397461,
            "min": 48.59113693237305,
            "max": 15105.068359375,
            "count": 160
        },
        "AGV.JSSP.best-makespan.mean": {
            "value": 71.48533630371094,
            "min": -1.0,
            "max": 104.27616119384766,
            "count": 160
        },
        "AGV.JSSP.best-makespan.sum": {
            "value": 71.48533630371094,
            "min": -1.0,
            "max": 104.27616119384766,
            "count": 160
        },
        "AGV.TrainingStep.mean": {
            "value": 8419.0,
            "min": 82.0,
            "max": 8419.0,
            "count": 160
        },
        "AGV.TrainingStep.sum": {
            "value": 8419.0,
            "min": 82.0,
            "max": 8419.0,
            "count": 160
        },
        "AGV.Environment.EpisodeLength.mean": {
            "value": 23.0,
            "min": 23.0,
            "max": 49.02,
            "count": 160
        },
        "AGV.Environment.EpisodeLength.sum": {
            "value": 4784.0,
            "min": 4755.0,
            "max": 4915.0,
            "count": 160
        },
        "AGV.JSSP.AverageMakespan.mean": {
            "value": 71.82615661621094,
            "min": 71.82288888784555,
            "max": 117.60643518750912,
            "count": 160
        },
        "AGV.JSSP.AverageMakespan.sum": {
            "value": 14939.840576171875,
            "min": 11592.88874053955,
            "max": 16128.931030273438,
            "count": 160
        },
        "AGV.Step.mean": {
            "value": 799981.0,
            "min": 4968.0,
            "max": 799981.0,
            "count": 160
        },
        "AGV.Step.sum": {
            "value": 799981.0,
            "min": 4968.0,
            "max": 799981.0,
            "count": 160
        },
        "AGV.Policy.ExtrinsicValueEstimate.mean": {
            "value": -15.748021125793457,
            "min": -29.57172393798828,
            "max": 0.12647435069084167,
            "count": 160
        },
        "AGV.Policy.ExtrinsicValueEstimate.sum": {
            "value": -3275.58837890625,
            "min": -4695.2822265625,
            "max": 13.153331756591797,
            "count": 160
        },
        "AGV.Environment.CumulativeReward.mean": {
            "value": -40.41356545228224,
            "min": -86.16237690292786,
            "max": -40.40964042223417,
            "count": 160
        },
        "AGV.Environment.CumulativeReward.sum": {
            "value": -8406.021614074707,
            "min": -10875.716396331787,
            "max": -8405.205207824707,
            "count": 160
        },
        "AGV.Policy.ExtrinsicReward.mean": {
            "value": -40.41356545228224,
            "min": -86.16237690292786,
            "max": -40.40964042223417,
            "count": 160
        },
        "AGV.Policy.ExtrinsicReward.sum": {
            "value": -8406.021614074707,
            "min": -10875.716396331787,
            "max": -8405.205207824707,
            "count": 160
        },
        "AGV.IsTraining.mean": {
            "value": 1.0,
            "min": 1.0,
            "max": 1.0,
            "count": 160
        },
        "AGV.IsTraining.sum": {
            "value": 1.0,
            "min": 1.0,
            "max": 1.0,
            "count": 160
        },
        "AGV.Losses.PolicyLoss.mean": {
            "value": 0.09321976502604307,
            "min": 0.06550007953398651,
            "max": 0.12238134473802582,
            "count": 133
        },
        "AGV.Losses.PolicyLoss.sum": {
            "value": 0.09321976502604307,
            "min": 0.06550007953398651,
            "max": 0.12238134473802582,
            "count": 133
        },
        "AGV.Losses.ValueLoss.mean": {
            "value": 0.00017118430394552986,
            "min": 0.00010782821373914942,
            "max": 272.48098426169537,
            "count": 133
        },
        "AGV.Losses.ValueLoss.sum": {
            "value": 0.00017118430394552986,
            "min": 0.00010782821373914942,
            "max": 272.48098426169537,
            "count": 133
        },
        "AGV.Policy.LearningRate.mean": {
            "value": 2.9474970624998147e-08,
            "min": 2.9474970624998147e-08,
            "max": 9.9244375755625e-05,
            "count": 133
        },
        "AGV.Policy.LearningRate.sum": {
            "value": 2.9474970624998147e-08,
            "min": 2.9474970624998147e-08,
            "max": 9.9244375755625e-05,
            "count": 133
        },
        "AGV.Policy.Epsilon.mean": {
            "value": 0.10002937500000002,
            "min": 0.10002937500000002,
            "max": 0.19924437499999995,
            "count": 133
        },
        "AGV.Policy.Epsilon.sum": {
            "value": 0.10002937500000002,
            "min": 0.10002937500000002,
            "max": 0.19924437499999995,
            "count": 133
        },
        "AGV.Policy.Beta.mean": {
            "value": 1.0290812499999977e-05,
            "min": 1.0290812499999977e-05,
            "max": 0.0009925193124999997,
            "count": 133
        },
        "AGV.Policy.Beta.sum": {
            "value": 1.0290812499999977e-05,
            "min": 1.0290812499999977e-05,
            "max": 0.0009925193124999997,
            "count": 133
        }
    },
    "metadata": {
        "timer_format_version": "0.1.0",
        "start_time_seconds": "1667948014",
        "python_version": "3.7.13 (default, Mar 28 2022, 08:03:21) [MSC v.1916 64 bit (AMD64)]",
        "command_line_arguments": "C:\\Users\\diego\\anaconda3\\envs\\mlagents\\Scripts\\mlagents-learn C:\\Users\\diego\\Documents\\Pipe_parasite\\config\\6x3x1.yaml --env C:\\Users\\diego\\Documents\\Pipe_parasite\\6x3x1\\ins_4\\FAS.exe --no-graphics --run-id 6x3x1_ins_4 --num-envs 4 --base-port 5050",
        "mlagents_version": "0.28.0",
        "mlagents_envs_version": "0.28.0",
        "communication_protocol_version": "1.5.0",
        "pytorch_version": "1.7.1+cu110",
        "numpy_version": "1.21.6",
        "end_time_seconds": "1667949766"
    },
    "total": 1751.6148512,
    "count": 1,
    "self": 0.43956109999976434,
    "children": {
        "run_training.setup": {
            "total": 0.2807963000000001,
            "count": 1,
            "self": 0.2807963000000001
        },
        "TrainerController.start_learning": {
            "total": 1750.8944938000002,
            "count": 1,
            "self": 7.480464900026391,
            "children": {
                "TrainerController._reset_env": {
                    "total": 2.4334286,
                    "count": 1,
                    "self": 2.4334286
                },
                "TrainerController.advance": {
                    "total": 1740.8555410999736,
                    "count": 213591,
                    "self": 6.591632999975673,
                    "children": {
                        "env_step": {
                            "total": 1349.1581341000074,
                            "count": 213591,
                            "self": 254.8578250000087,
                            "children": {
                                "SubprocessEnvManager._take_step": {
                                    "total": 1089.9185525000066,
                                    "count": 304920,
                                    "self": 21.54505799996582,
                                    "children": {
                                        "TorchPolicy.evaluate": {
                                            "total": 1068.3734945000408,
                                            "count": 275493,
                                            "self": 496.97297470002036,