{"cameraMode":{"drawMode":0,"name":"Shaded","section":"Shading Mode"},"sceneLighting":false,"audioPlay":false,"sceneViewState":{"m_AlwaysRefresh":false,"showFog":true,"showSkybox":false,"showFlares":true,"showImageEffects":true,"showParticleSystems":true,"showVisualEffectGraphs":true,"m_FxEnabled":true},"in2DMode":false,"pivot":{"x":0.010000467300415039,"y":0.05700007081031799,"z":0.07499957084655762},"rotation":{"x":-0.4666261076927185,"y":-0.0069519467651844028,"z":0.0035008578561246397,"w":-0.884616494178772},"size":5.0123291015625,"orthographic":false}