{
    "name": "root",
    "gauges": {
        "AGV.Policy.Entropy.mean": {
            "value": 0.8570637702941895,
            "min": 0.8533459901809692,
            "max": 1.3851821422576904,
            "count": 100
        },
        "AGV.Policy.Entropy.sum": {
            "value": 4275.0341796875,
            "min": 4209.5556640625,
            "max": 10172.77734375,
            "count": 100
        },
        "AGV.JSSP.best-makespan.mean": {
            "value": 35.2998046875,
            "min": 35.2998046875,
            "max": 36.30695343017578,
            "count": 100
        },
        "AGV.JSSP.best-makespan.sum": {
            "value": 35.2998046875,
            "min": 35.2998046875,
            "max": 36.30695343017578,
            "count": 100
        },
        "AGV.TrainingStep.mean": {
            "value": 5248.0,
            "min": 97.0,
            "max": 5248.0,
            "count": 100
        },
        "AGV.TrainingStep.sum": {
            "value": 5248.0,
            "min": 97.0,
            "max": 5248.0,
            "count": 100
        },
        "AGV.Environment.EpisodeLength.mean": {
            "value": 12.033854166666666,
            "min": 11.654040404040405,
            "max": 18.816,
            "count": 100
        },
        "AGV.Environment.EpisodeLength.sum": {
            "value": 4621.0,
            "min": 4546.0,
            "max": 4795.0,
            "count": 100
        },
        "AGV.JSSP.AverageMakespan.mean": {
            "value": 36.08524598677953,
            "min": 36.06459346570467,
            "max": 43.748265353116125,
            "count": 100
        },
        "AGV.JSSP.AverageMakespan.sum": {
            "value": 6928.36722946167,
            "min": 5060.351451873779,
            "max": 7144.270835876465,
            "count": 100
        },
        "AGV.Step.mean": {
            "value": 499995.0,
            "min": 4991.0,
            "max": 499995.0,
            "count": 100
        },
        "AGV.Step.sum": {
            "value": 499995.0,
            "min": 4991.0,
            "max": 499995.0,
            "count": 100
        },
        "AGV.Policy.ExtrinsicValueEstimate.mean": {
            "value": 0.7030882835388184,
            "min": -2.7564120292663574,
            "max": 0.7075322270393372,
            "count": 100
        },
        "AGV.Policy.ExtrinsicValueEstimate.sum": {
            "value": 269.98590087890625,
            "min": -752.50048828125,
            "max": 271.9805908203125,
            "count": 100
        },
        "AGV.Environment.CumulativeReward.mean": {
            "value": -1.0807722806930542,
            "min": -8.800301270466655,
            "max": -1.0612061851903012,
            "count": 100
        },
        "AGV.Environment.CumulativeReward.sum": {
            "value": -415.0165557861328,
            "min": -2296.878631591797,
            "max": -340.601863861084,
            "count": 100
        },
        "AGV.Policy.ExtrinsicReward.mean": {
            "value": -1.0807722806930542,
            "min": -8.800301270466655,
            "max": -1.0612061851903012,
            "count": 100
        },
        "AGV.Policy.ExtrinsicReward.sum": {
            "value": -415.0165557861328,
            "min": -2296.878631591797,
            "max": -340.601863861084,
            "count": 100
        },
        "AGV.IsTraining.mean": {
            "value": 1.0,
            "min": 1.0,
            "max": 1.0,
            "count": 100
        },
        "AGV.IsTraining.sum": {
            "value": 1.0,
            "min": 1.0,
            "max": 1.0,
            "count": 100
        },
        "AGV.Losses.PolicyLoss.mean": {
            "value": 0.0841752766492836,
            "min": 0.07094424261000529,
            "max": 0.11238850470870099,
            "count": 82
        },
        "AGV.Losses.PolicyLoss.sum": {
            "value": 0.0841752766492836,
            "min": 0.07094424261000529,
            "max": 0.11238850470870099,
            "count": 82
        },
        "AGV.Losses.ValueLoss.mean": {
            "value": 0.010340221798384284,
            "min": 0.006202328016367206,
            "max": 5.499884615662277,
            "count": 82
        },
        "AGV.Losses.ValueLoss.sum": {
            "value": 0.010340221798384284,
            "min": 0.006202328016367206,
            "max": 5.499884615662277,
            "count": 82
        },
        "AGV.Policy.LearningRate.mean": {
            "value": 1.151698848399997e-06,
            "min": 1.151698848399997e-06,
            "max": 9.879400120600004e-05,
            "count": 82
        },
        "AGV.Policy.LearningRate.sum": {
            "value": 1.151698848399997e-06,
            "min": 1.151698848399997e-06,
            "max": 9.879400120600004e-05,
            "count": 82
        },
        "AGV.Policy.Epsilon.mean": {
            "value": 0.10115159999999998,
            "min": 0.10115159999999998,
            "max": 0.19879399999999997,
            "count": 82
        },
        "AGV.Policy.Epsilon.sum": {
            "value": 0.10115159999999998,
            "min": 0.10115159999999998,
            "max": 0.19879399999999997,
            "count": 82
        },
        "AGV.Policy.Beta.mean": {
            "value": 2.1400839999999976e-05,
            "min": 2.1400839999999976e-05,
            "max": 0.0009880606000000004,
            "count": 82
        },
        "AGV.Policy.Beta.sum": {
            "value": 2.1400839999999976e-05,
            "min": 2.1400839999999976e-05,
            "max": 0.0009880606000000004,
            "count": 82
        }
    },
    "metadata": {
        "timer_format_version": "0.1.0",
        "start_time_seconds": "1667949902",
        "python_version": "3.7.13 (default, Mar 28 2022, 08:03:21) [MSC v.1916 64 bit (AMD64)]",
        "command_line_arguments": "C:\\Users\\diego\\anaconda3\\envs\\mlagents\\Scripts\\mlagents-learn C:\\Users\\diego\\Documents\\Pipe_parasite\\config\\3x3x2.yaml --env C:\\Users\\diego\\Documents\\Pipe_parasite\\3x3x2\\ins_0\\FAS.exe --no-graphics --run-id 3x3x2_ins_0 --num-envs 4",
        "mlagents_version": "0.28.0",
        "mlagents_envs_version": "0.28.0",
        "communication_protocol_version": "1.5.0",
        "pytorch_version": "1.7.1+cu110",
        "numpy_version": "1.21.6",
        "end_time_seconds": "1667950539"
    },
    "total": 636.7583066,
    "count": 1,
    "self": 0.3168340000000853,
    "children": {
        "run_training.setup": {
            "total": 0.34637889999999993,
            "count": 1,
            "self": 0.34637889999999993
        },
        "TrainerController.start_learning": {
            "total": 636.0950936999999,
            "count": 1,
            "self": 1.8597288999937973,
            "children": {
                "TrainerController._reset_env": {
                    "total": 3.3940408,
                    "count": 1,
                    "self": 3.3940408
                },
                "TrainerController.advance": {
                    "total": 630.7493066000061,
                    "count": 57476,
                    "self": 1.7021500000003016,
                    "children": {
                        "env_step": {
                            "total": 359.07238190000083,
                            "count": 57476,
                            "self": 83.1451007999824,
                            "children": {
                                "SubprocessEnvManager._take_step": {
                                    "total": 274.81852220001565,
                                    "count": 85117,
                                    "self": 5.376251400020294,
                                    "children": {
                                        "TorchPolicy.evaluate": {
                                            "total": 269.44227079999536,
                                            "count": 71719,
                                            "self": 127.13012330000919,