{
    "name": "root",
    "gauges": {
        "AGV.Policy.Entropy.mean": {
            "value": 0.085538849234581,
            "min": 0.07169365882873535,
            "max": 1.9431720972061157,
            "count": 440
        },
        "AGV.Policy.Entropy.sum": {
            "value": 428.0364074707031,
            "min": 355.09869384765625,
            "max": 13065.060546875,
            "count": 440
        },
        "AGV.JSSP.best-makespan.mean": {
            "value": 43.9794921875,
            "min": -1.0,
            "max": 64.6399917602539,
            "count": 440
        },
        "AGV.JSSP.best-makespan.sum": {
            "value": 43.9794921875,
            "min": -1.0,
            "max": 64.6399917602539,
            "count": 440
        },
        "AGV.TrainingStep.mean": {
            "value": 22837.0,
            "min": 60.0,
            "max": 22878.0,
            "count": 440
        },
        "AGV.TrainingStep.sum": {
            "value": 22837.0,
            "min": 60.0,
            "max": 22878.0,
            "count": 440
        },
        "AGV.Environment.EpisodeLength.mean": {
            "value": 12.521505376344086,
            "min": 12.342245989304812,
            "max": 31.305194805194805,
            "count": 440
        },
        "AGV.Environment.EpisodeLength.sum": {
            "value": 4658.0,
            "min": 4586.0,
            "max": 4933.0,
            "count": 440
        },
        "AGV.JSSP.AverageMakespan.mean": {
            "value": 44.400324606126354,
            "min": 44.392215436925,
            "max": 71.80747189099276,
            "count": 440
        },
        "AGV.JSSP.AverageMakespan.sum": {
            "value": 8258.460376739502,
            "min": 5481.915355682373,
            "max": 8317.07148361206,
            "count": 440
        },
        "AGV.Step.mean": {
            "value": 2199996.0,
            "min": 4972.0,
            "max": 2199996.0,
            "count": 440
        },
        "AGV.Step.sum": {
            "value": 2199996.0,
            "min": 4972.0,
            "max": 2199996.0,
            "count": 440
        },
        "AGV.Policy.ExtrinsicValueEstimate.mean": {
            "value": -5.626074314117432,
            "min": -12.069479942321777,
            "max": -0.0038416406605392694,
            "count": 440
        },
        "AGV.Policy.ExtrinsicValueEstimate.sum": {
            "value": -2081.6474609375,
            "min": -2841.57080078125,
            "max": -0.6300290822982788,
            "count": 440
        },
        "AGV.Environment.CumulativeReward.mean": {
            "value": -14.034829577884159,
            "min": -41.48515399498275,
            "max": -14.029624450434131,
            "count": 440
        },
        "AGV.Environment.CumulativeReward.sum": {
            "value": -5192.886943817139,
            "min": -7320.435508728027,
            "max": -4398.232727050781,
            "count": 440
        },
        "AGV.Policy.ExtrinsicReward.mean": {
            "value": -14.034829577884159,
            "min": -41.48515399498275,
            "max": -14.029624450434131,
            "count": 440
        },
        "AGV.Policy.ExtrinsicReward.sum": {
            "value": -5192.886943817139,
            "min": -7320.435508728027,
            "max": -4398.232727050781,
            "count": 440
        },
        "AGV.IsTraining.mean": {
            "value": 1.0,
            "min": 1.0,
            "max": 1.0,
            "count": 440
        },
        "AGV.IsTraining.sum": {
            "value": 1.0,
            "min": 1.0,
            "max": 1.0,
            "count": 440
        },
        "AGV.Losses.PolicyLoss.mean": {
            "value": 0.09623012019995045,
            "min": 0.06405798490208751,
            "max": 0.14531001177160663,
            "count": 365
        },
        "AGV.Losses.PolicyLoss.sum": {
            "value": 0.09623012019995045,
            "min": 0.06405798490208751,
            "max": 0.14531001177160663,
            "count": 365
        },
        "AGV.Losses.ValueLoss.mean": {
            "value": 0.004380590770334164,
            "min": 0.0018018005028997937,
            "max": 52.97695857600162,
            "count": 365
        },
        "AGV.Losses.ValueLoss.sum": {
            "value": 0.004380590770334164,
            "min": 0.0018018005028997937,
            "max": 52.97695857600162,
            "count": 365
        },
        "AGV.Policy.LearningRate.mean": {
            "value": 1.2187260550000145e-07,
            "min": 1.2187260550000145e-07,
            "max": 9.972327300400004e-05,
            "count": 365
        },
        "AGV.Policy.LearningRate.sum": {
            "value": 1.2187260550000145e-07,
            "min": 1.2187260550000145e-07,
            "max": 9.972327300400004e-05,
            "count": 365
        },
        "AGV.Policy.Epsilon.mean": {
            "value": 0.1001217727272727,
            "min": 0.1001217727272727,
            "max": 0.19972327272727275,
            "count": 365
        },
        "AGV.Policy.Epsilon.sum": {
            "value": 0.1001217727272727,
            "min": 0.1001217727272727,
            "max": 0.19972327272727275,
            "count": 365
        },
        "AGV.Policy.Beta.mean": {
            "value": 1.1205550000000013e-05,
            "min": 1.1205550000000013e-05,
            "max": 0.0009972604000000004,
            "count": 365
        },
        "AGV.Policy.Beta.sum": {
            "value": 1.1205550000000013e-05,
            "min": 1.1205550000000013e-05,
            "max": 0.0009972604000000004,
            "count": 365
        }
    },
    "metadata": {
        "timer_format_version": "0.1.0",
        "start_time_seconds": "1667950156",
        "python_version": "3.7.13 (default, Mar 28 2022, 08:03:21) [MSC v.1916 64 bit (AMD64)]",
        "command_line_arguments": "C:\\Users\\diego\\anaconda3\\envs\\mlagents\\Scripts\\mlagents-learn C:\\Users\\diego\\Documents\\Pipe_parasite\\config\\6x3x2.yaml --env C:\\Users\\diego\\Documents\\Pipe_parasite\\6x3x2\\ins_1\\FAS.exe --no-graphics --run-id 6x3x2_ins_1 --num-envs 4 --base-port 5010",
        "mlagents_version": "0.28.0",
        "mlagents_envs_version": "0.28.0",
        "communication_protocol_version": "1.5.0",
        "pytorch_version": "1.7.1+cu110",
        "numpy_version": "1.21.6",
        "end_time_seconds": "1667953413"
    },
    "total": 3257.7539135,
    "count": 1,
    "self": 0.4527525000003152,
    "children": {
        "run_training.setup": {
            "total": 0.3627292,
            "count": 1,
            "self": 0.3627292
        },
        "TrainerController.start_learning": {
            "total": 3256.9384317999998,
            "count": 1,
            "self": 10.71392790009304,
            "children": {
                "TrainerController._reset_env": {
                    "total": 3.6964441,
                    "count": 1,
                    "self": 3.6964441
                },
                "TrainerController.advance": {
                    "total": 3242.413630299907,
                    "count": 328411,
                    "self": 10.04146039984198,
                    "children": {
                        "env_step": {
                            "total": 1999.0765275000558,
                            "count": 328411,
                            "self": 454.05643209993536,
                            "children": {
                                "SubprocessEnvManager._take_step": {
                                    "total": 1538.577079500085,
                                    "count": 461807,
                                    "self": 31.332111499918256,
                                    "children": {
                                        "TorchPolicy.evaluate": {
                                            "total": 1507.2449680001666,
                                            "count": 396061,