{
    "name": "root",
    "gauges": {
        "AGV.Policy.Entropy.mean": {
            "value": 0.35537320375442505,
            "min": 0.3083440363407135,
            "max": 1.9420086145401,
            "count": 1000
        },
        "AGV.Policy.Entropy.sum": {
            "value": 1373.872802734375,
            "min": 983.3045043945312,
            "max": 19738.634765625,
            "count": 1000
        },
        "AGV.JSSP.best-makespan.mean": {
            "value": 70.85052490234375,
            "min": -1.0,
            "max": 108.20063781738281,
            "count": 1000
        },
        "AGV.JSSP.best-makespan.sum": {
            "value": 70.85052490234375,
            "min": -1.0,
            "max": 108.20063781738281,
            "count": 1000
        },
        "AGV.TrainingStep.mean": {
            "value": 58150.0,
            "min": 106.0,
            "max": 59172.0,
            "count": 1000
        },
        "AGV.TrainingStep.sum": {
            "value": 58150.0,
            "min": 106.0,
            "max": 59172.0,
            "count": 1000
        },
        "AGV.Environment.EpisodeLength.mean": {
            "value": 78.80645161290323,
            "min": 45.971698113207545,
            "max": 165.71428571428572,
            "count": 1000
        },
        "AGV.Environment.EpisodeLength.sum": {
            "value": 4886.0,
            "min": 3861.0,
            "max": 6960.0,
            "count": 1000
        },
        "AGV.JSSP.AverageMakespan.mean": {
            "value": 71.2916001350649,
            "min": 71.19101395145539,
            "max": 127.22263356258995,
            "count": 1000
        },
        "AGV.JSSP.AverageMakespan.sum": {
            "value": 2210.0396041870117,
            "min": 1142.5071258544922,
            "max": 5669.046058654785,
            "count": 1000
        },
        "AGV.Step.mean": {
            "value": 4999995.0,
            "min": 4994.0,
            "max": 4999995.0,
            "count": 1000
        },
        "AGV.Step.sum": {
            "value": 4999995.0,
            "min": 4994.0,
            "max": 4999995.0,
            "count": 1000
        },
        "AGV.Policy.ExtrinsicValueEstimate.mean": {
            "value": 2.4003241062164307,
            "min": -14.26417350769043,
            "max": 2.803196430206299,
            "count": 1000
        },
        "AGV.Policy.ExtrinsicValueEstimate.sum": {
            "value": 148.82009887695312,
            "min": -1426.4173583984375,
            "max": 155.18765258789062,
            "count": 1000
        },
        "AGV.Environment.CumulativeReward.mean": {
            "value": -9.085422023650139,
            "min": -65.23615666178914,
            "max": -8.995335109650142,
            "count": 1000
        },
        "AGV.Environment.CumulativeReward.sum": {
            "value": -563.2961654663086,
            "min": -5265.923889160156,
            "max": -381.1862373352051,
            "count": 1000
        },
        "AGV.Policy.ExtrinsicReward.mean": {
            "value": -9.085422023650139,
            "min": -65.23615666178914,
            "max": -8.995335109650142,
            "count": 1000
        },
        "AGV.Policy.ExtrinsicReward.sum": {
            "value": -563.2961654663086,
            "min": -5265.923889160156,
            "max": -381.1862373352051,
            "count": 1000
        },
        "AGV.IsTraining.mean": {
            "value": 1.0,
            "min": 1.0,
            "max": 1.0,
            "count": 1000
        },
        "AGV.IsTraining.sum": {
            "value": 1.0,
            "min": 1.0,
            "max": 1.0,
            "count": 1000
        },
        "AGV.Losses.PolicyLoss.mean": {
            "value": 0.11296818695685014,
            "min": 0.07162466687885555,
            "max": 0.17986310154516646,
            "count": 819
        },
        "AGV.Losses.PolicyLoss.sum": {
            "value": 0.11296818695685014,
            "min": 0.07162466687885555,
            "max": 0.17986310154516646,
            "count": 819
        },
        "AGV.Losses.ValueLoss.mean": {
            "value": 0.010287027436982286,
            "min": 0.003502375573821445,
            "max": 77.79870021586515,
            "count": 819
        },
        "AGV.Losses.ValueLoss.sum": {
            "value": 0.010287027436982286,
            "min": 0.003502375573821445,
            "max": 77.79870021586515,
            "count": 819
        },
        "AGV.Policy.LearningRate.mean": {
            "value": 1.0689989319999585e-07,
            "min": 1.0689989319999585e-07,
            "max": 9.987424012576e-05,
            "count": 819
        },
        "AGV.Policy.LearningRate.sum": {
            "value": 1.0689989319999585e-07,
            "min": 1.0689989319999585e-07,
            "max": 9.987424012576e-05,
            "count": 819
        },
        "AGV.Policy.Epsilon.mean": {
            "value": 0.10010680000000008,
            "min": 0.10010680000000008,
            "max": 0.19987424,
            "count": 819
        },
        "AGV.Policy.Epsilon.sum": {
            "value": 0.10010680000000008,
            "min": 0.10010680000000008,
            "max": 0.19987424,
            "count": 819
        },
        "AGV.Policy.Beta.mean": {
            "value": 1.1057319999999952e-05,
            "min": 1.1057319999999952e-05,
            "max": 0.0009987549760000004,
            "count": 819
        },
        "AGV.Policy.Beta.sum": {
            "value": 1.1057319999999952e-05,
            "min": 1.1057319999999952e-05,
            "max": 0.0009987549760000004,
            "count": 819
        }
    },
    "metadata": {
        "timer_format_version": "0.1.0",
        "start_time_seconds": "1666387780",
        "python_version": "3.6.13 |Anaconda, Inc.| (default, Jun  4 2021, 14:25:59) \n[GCC 7.5.0]",
        "command_line_arguments": "/home/iq953393/.conda/envs/ml-agents/bin/mlagents-learn ./config/6x6x2.yaml --run-id 6x6x2_ins_3 --env=./6x6x2/ins_3/FAS.x86_64 --no-graphics --num-envs 4 --time-scale 5 --base-port 5030",
        "mlagents_version": "0.28.0",
        "mlagents_envs_version": "0.28.0",
        "communication_protocol_version": "1.5.0",
        "pytorch_version": "1.7.1",
        "numpy_version": "1.19.5",
        "end_time_seconds": "1666400077"
    },
    "total": 12296.741828545928,
    "count": 1,
    "self": 1.1401674449443817,
    "children": {
        "run_training.setup": {
            "total": 0.039093737956136465,
            "count": 1,
            "self": 0.039093737956136465
        },
        "TrainerController.start_learning": {
            "total": 12295.562567363027,
            "count": 1,
            "self": 32.28342290362343,
            "children": {
                "TrainerController._reset_env": {
                    "total": 6.644823356065899,
                    "count": 1,
                    "self": 6.644823356065899
                },
                "TrainerController.advance": {
                    "total": 12256.498124239035,
                    "count": 531083,
                    "self": 32.48954074084759,
                    "children": {
                        "env_step": {
                            "total": 9045.710926954169,
                            "count": 531083,
                            "self": 3579.6808172557503,
                            "children": {
                                "SubprocessEnvManager._take_step": {
                                    "total": 5436.828190198634,
                                    "count": 1128873,
                                    "self": 195.42356303613633,
                                    "children": {
                                        "TorchPolicy.evaluate": {
                                            "total": 5241.4046271624975,
                                            "count": 1099326,
                                            "self": 1710.1347594009712,