{
    "name": "root",
    "gauges": {
        "AGV.Policy.Entropy.mean": {
            "value": 0.025351248681545258,
            "min": 0.024895157665014267,
            "max": 1.940394401550293,
            "count": 160
        },
        "AGV.Policy.Entropy.sum": {
            "value": 127.36467742919922,
            "min": 124.60026550292969,
            "max": 12888.099609375,
            "count": 160
        },
        "AGV.JSSP.best-makespan.mean": {
            "value": 64.14549255371094,
            "min": -1.0,
            "max": 87.12258911132812,
            "count": 160
        },
        "AGV.JSSP.best-makespan.sum": {
            "value": 64.14549255371094,
            "min": -1.0,
            "max": 87.12258911132812,
            "count": 160
        },
        "AGV.TrainingStep.mean": {
            "value": 8509.0,
            "min": 65.0,
            "max": 8509.0,
            "count": 160
        },
        "AGV.TrainingStep.sum": {
            "value": 8509.0,
            "min": 65.0,
            "max": 8509.0,
            "count": 160
        },
        "AGV.Environment.EpisodeLength.mean": {
            "value": 25.020942408376964,
            "min": 23.865671641791046,
            "max": 49.83838383838384,
            "count": 160
        },
        "AGV.Environment.EpisodeLength.sum": {
            "value": 4779.0,
            "min": 4769.0,
            "max": 4934.0,
            "count": 160
        },
        "AGV.JSSP.AverageMakespan.mean": {
            "value": 64.18131859265073,
            "min": 64.16595946306957,
            "max": 110.77005966186523,
            "count": 160
        },
        "AGV.JSSP.AverageMakespan.sum": {
            "value": 12258.631851196289,
            "min": 10958.037002563477,
            "max": 15084.320755004883,
            "count": 160
        },
        "AGV.Step.mean": {
            "value": 799974.0,
            "min": 4992.0,
            "max": 799974.0,
            "count": 160
        },
        "AGV.Step.sum": {
            "value": 799974.0,
            "min": 4992.0,
            "max": 799974.0,
            "count": 160
        },
        "AGV.Policy.ExtrinsicValueEstimate.mean": {
            "value": -14.409754753112793,
            "min": -28.184085845947266,
            "max": -0.2636669874191284,
            "count": 160
        },
        "AGV.Policy.ExtrinsicValueEstimate.sum": {
            "value": -2766.6728515625,
            "min": -4417.974609375,
            "max": -25.839365005493164,
            "count": 160
        },
        "AGV.Environment.CumulativeReward.mean": {
            "value": -34.327478528022766,
            "min": -80.99352198230977,
            "max": -34.313521802425385,
            "count": 160
        },
        "AGV.Environment.CumulativeReward.sum": {
            "value": -6590.875877380371,
            "min": -10038.592456817627,
            "max": -6588.196186065674,
            "count": 160
        },
        "AGV.Policy.ExtrinsicReward.mean": {
            "value": -34.327478528022766,
            "min": -80.99352198230977,
            "max": -34.313521802425385,
            "count": 160
        },
        "AGV.Policy.ExtrinsicReward.sum": {
            "value": -6590.875877380371,
            "min": -10038.592456817627,
            "max": -6588.196186065674,
            "count": 160
        },
        "AGV.IsTraining.mean": {
            "value": 1.0,
            "min": 1.0,
            "max": 1.0,
            "count": 160
        },
        "AGV.IsTraining.sum": {
            "value": 1.0,
            "min": 1.0,
            "max": 1.0,
            "count": 160
        },
        "AGV.Losses.PolicyLoss.mean": {
            "value": 0.0680503841559653,
            "min": 0.061713608080877905,
            "max": 0.125189371248509,
            "count": 133
        },
        "AGV.Losses.PolicyLoss.sum": {
            "value": 0.0680503841559653,
            "min": 0.061713608080877905,
            "max": 0.125189371248509,
            "count": 133
        },
        "AGV.Losses.ValueLoss.mean": {
            "value": 0.0453346459700736,
            "min": 0.0015715783025683856,
            "max": 186.5243609002296,
            "count": 133
        },
        "AGV.Losses.ValueLoss.sum": {
            "value": 0.0453346459700736,
            "min": 0.0015715783025683856,
            "max": 186.5243609002296,
            "count": 133
        },
        "AGV.Policy.LearningRate.mean": {
            "value": 1.2974987125001074e-08,
            "min": 1.2974987125001074e-08,
            "max": 9.924800075200006e-05,
            "count": 133
        },
        "AGV.Policy.LearningRate.sum": {
            "value": 1.2974987125001074e-08,
            "min": 1.2974987125001074e-08,
            "max": 9.924800075200006e-05,
            "count": 133
        },
        "AGV.Policy.Epsilon.mean": {
            "value": 0.10001287500000004,
            "min": 0.10001287500000004,
            "max": 0.19924800000000006,
            "count": 133
        },
        "AGV.Policy.Epsilon.sum": {
            "value": 0.10001287500000004,
            "min": 0.10001287500000004,
            "max": 0.19924800000000006,
            "count": 133
        },
        "AGV.Policy.Beta.mean": {
            "value": 1.0127462500000012e-05,
            "min": 1.0127462500000012e-05,
            "max": 0.0009925551999999996,
            "count": 133
        },
        "AGV.Policy.Beta.sum": {
            "value": 1.0127462500000012e-05,
            "min": 1.0127462500000012e-05,
            "max": 0.0009925551999999996,
            "count": 133
        }
    },
    "metadata": {
        "timer_format_version": "0.1.0",
        "start_time_seconds": "1667948151",
        "python_version": "3.7.13 (default, Mar 28 2022, 08:03:21) [MSC v.1916 64 bit (AMD64)]",
        "command_line_arguments": "C:\\Users\\diego\\anaconda3\\envs\\mlagents\\Scripts\\mlagents-learn C:\\Users\\diego\\Documents\\Pipe_parasite\\config\\6x3x1.yaml --env C:\\Users\\diego\\Documents\\Pipe_parasite\\6x3x1\\ins_2\\FAS.exe --no-graphics --run-id 6x3x1_ins_2 --num-envs 4 --base-port 5020",
        "mlagents_version": "0.28.0",
        "mlagents_envs_version": "0.28.0",
        "communication_protocol_version": "1.5.0",
        "pytorch_version": "1.7.1+cu110",
        "numpy_version": "1.21.6",
        "end_time_seconds": "1667949790"
    },
    "total": 1638.1616728000001,
    "count": 1,
    "self": 0.40193260000023656,
    "children": {
        "run_training.setup": {
            "total": 0.43260299999999985,
            "count": 1,
            "self": 0.43260299999999985
        },
        "TrainerController.start_learning": {
            "total": 1637.3271372,
            "count": 1,
            "self": 6.517412499978491,
            "children": {
                "TrainerController._reset_env": {
                    "total": 10.1421049,
                    "count": 1,
                    "self": 10.1421049
                },
                "TrainerController.advance": {
                    "total": 1620.5705072000214,
                    "count": 186648,
                    "self": 6.07769130003453,
                    "children": {
                        "env_step": {
                            "total": 1228.584702499988,
                            "count": 186648,
                            "self": 231.87780789988142,
                            "children": {
                                "SubprocessEnvManager._take_step": {
                                    "total": 992.7363307000602,
                                    "count": 269906,
                                    "self": 19.70341560012332,
                                    "children": {
                                        "TorchPolicy.evaluate": {
                                            "total": 973.0329150999369,
                                            "count": 242135,