{
    "name": "root",
    "gauges": {
        "AGV.Policy.Entropy.mean": {
            "value": 0.29136544466018677,
            "min": 0.27456220984458923,
            "max": 2.2976365089416504,
            "count": 3000
        },
        "AGV.Policy.Entropy.sum": {
            "value": 1261.6124267578125,
            "min": 481.96331787109375,
            "max": 39509.5,
            "count": 3000
        },
        "AGV.JSSP.best-makespan.mean": {
            "value": 126.98999786376953,
            "min": -1.0,
            "max": 196.82135009765625,
            "count": 3000
        },
        "AGV.JSSP.best-makespan.sum": {
            "value": 126.98999786376953,
            "min": -1.0,
            "max": 196.82135009765625,
            "count": 3000
        },
        "AGV.TrainingStep.mean": {
            "value": 162868.0,
            "min": 193.0,
            "max": 164308.0,
            "count": 3000
        },
        "AGV.TrainingStep.sum": {
            "value": 162868.0,
            "min": 193.0,
            "max": 164308.0,
            "count": 3000
        },
        "AGV.Environment.EpisodeLength.mean": {
            "value": 137.31578947368422,
            "min": 80.2741935483871,
            "max": 655.0,
            "count": 3000
        },
        "AGV.Environment.EpisodeLength.sum": {
            "value": 5218.0,
            "min": 2816.0,
            "max": 13100.0,
            "count": 3000
        },
        "AGV.JSSP.AverageMakespan.mean": {
            "value": 128.25326377467104,
            "min": 127.97192786721622,
            "max": 234.37857394748264,
            "count": 3000
        },
        "AGV.JSSP.AverageMakespan.sum": {
            "value": 2436.81201171875,
            "min": 908.7422332763672,
            "max": 6121.572998046875,
            "count": 3000
        },
        "AGV.Step.mean": {
            "value": 14999975.0,
            "min": 4962.0,
            "max": 14999975.0,
            "count": 3000
        },
        "AGV.Step.sum": {
            "value": 14999975.0,
            "min": 4962.0,
            "max": 14999975.0,
            "count": 3000
        },
        "AGV.Policy.ExtrinsicValueEstimate.mean": {
            "value": -8.530479431152344,
            "min": -64.11698150634766,
            "max": -0.10728581249713898,
            "count": 3000
        },
        "AGV.Policy.ExtrinsicValueEstimate.sum": {
            "value": -315.62774658203125,
            "min": -3316.97119140625,
            "max": -5.257004737854004,
            "count": 3000
        },
        "AGV.Environment.CumulativeReward.mean": {
            "value": -41.55166790936444,
            "min": -149.90392548697335,
            "max": -41.3422160429113,
            "count": 3000
        },
        "AGV.Environment.CumulativeReward.sum": {
            "value": -1537.4117126464844,
            "min": -8394.619827270508,
            "max": -571.4072875976562,
            "count": 3000
        },
        "AGV.Policy.ExtrinsicReward.mean": {
            "value": -41.55166790936444,
            "min": -149.90392548697335,
            "max": -41.3422160429113,
            "count": 3000
        },
        "AGV.Policy.ExtrinsicReward.sum": {
            "value": -1537.4117126464844,
            "min": -8394.619827270508,
            "max": -571.4072875976562,
            "count": 3000
        },
        "AGV.IsTraining.mean": {
            "value": 1.0,
            "min": 1.0,
            "max": 1.0,
            "count": 3000
        },
        "AGV.IsTraining.sum": {
            "value": 1.0,
            "min": 1.0,
            "max": 1.0,
            "count": 3000
        },
        "AGV.Losses.PolicyLoss.mean": {
            "value": 0.10383273016971846,
            "min": 0.003564520229392269,
            "max": 0.13121939668137778,
            "count": 2414
        },
        "AGV.Losses.PolicyLoss.sum": {
            "value": 0.10383273016971846,
            "min": 0.003564520229392269,
            "max": 0.13121939668137778,
            "count": 2414
        },
        "AGV.Losses.ValueLoss.mean": {
            "value": 0.26333954293901723,
            "min": 0.018243116659945564,
            "max": 207.99873833803787,
            "count": 2414
        },
        "AGV.Losses.ValueLoss.sum": {
            "value": 0.26333954293901723,
            "min": 0.018243116659945564,
            "max": 207.99873833803787,
            "count": 2414
        },
        "AGV.Policy.LearningRate.mean": {
            "value": 2.6666650000109187e-10,
            "min": 2.6666650000109187e-10,
            "max": 9.995850670816004e-05,
            "count": 2414
        },
        "AGV.Policy.LearningRate.sum": {
            "value": 2.6666650000109187e-10,
            "min": 2.6666650000109187e-10,
            "max": 9.995850670816004e-05,
            "count": 2414
        },
        "AGV.Policy.Epsilon.mean": {
            "value": 0.10000016666666667,
            "min": 0.10000016666666667,
            "max": 0.19995850666666667,
            "count": 2414
        },
        "AGV.Policy.Epsilon.sum": {
            "value": 0.10000016666666667,
            "min": 0.10000016666666667,
            "max": 0.19995850666666667,
            "count": 2414
        },
        "AGV.Policy.Beta.mean": {
            "value": 1.000165000000001e-05,
            "min": 1.000165000000001e-05,
            "max": 0.0009995892159999997,
            "count": 2414
        },
        "AGV.Policy.Beta.sum": {
            "value": 1.000165000000001e-05,
            "min": 1.000165000000001e-05,
            "max": 0.0009995892159999997,
            "count": 2414
        }
    },
    "metadata": {
        "timer_format_version": "0.1.0",
        "start_time_seconds": "1667707928",
        "python_version": "3.6.13 |Anaconda, Inc.| (default, Jun  4 2021, 14:25:59) \n[GCC 7.5.0]",
        "command_line_arguments": "/home/iq953393/.conda/envs/ml-agents/bin/mlagents-learn ./config/9x9x2_15m.yaml --run-id 9x9x2_ins_4 --env=./9x9x2/ins_4/FAS.x86_64 --no-graphics --num-envs 4 --time-scale 5 --base-port 5040",
        "mlagents_version": "0.28.0",
        "mlagents_envs_version": "0.28.0",
        "communication_protocol_version": "1.5.0",
        "pytorch_version": "1.7.1",
        "numpy_version": "1.19.5",
        "end_time_seconds": "1667727000"
    },
    "total": 19072.02282892773,
    "count": 1,
    "self": 0.824640201870352,
    "children": {
        "run_training.setup": {
            "total": 0.03145358199253678,
            "count": 1,
            "self": 0.03145358199253678
        },
        "TrainerController.start_learning": {
            "total": 19071.166735143866,
            "count": 1,
            "self": 72.50830775452778,
            "children": {
                "TrainerController._reset_env": {
                    "total": 3.385796595364809,
                    "count": 1,
                    "self": 3.385796595364809
                },
                "TrainerController.advance": {
                    "total": 18995.129678706173,
                    "count": 2436690,
                    "self": 70.78127089049667,
                    "children": {
                        "env_step": {
                            "total": 13127.779177483171,
                            "count": 2436690,
                            "self": 4734.016056762543,
                            "children": {
                                "SubprocessEnvManager._take_step": {
                                    "total": 8344.382860446349,
                                    "count": 3120070,
                                    "self": 263.3784359693527,
                                    "children": {
                                        "TorchPolicy.evaluate": {
                                            "total": 8081.004424476996,
                                            "count": 3078783,