{
    "name": "root",
    "gauges": {
        "AGV.Policy.Entropy.mean": {
            "value": 0.005174187943339348,
            "min": 0.003410146338865161,
            "max": 1.943674921989441,
            "count": 440
        },
        "AGV.Policy.Entropy.sum": {
            "value": 26.165868759155273,
            "min": 16.61313819885254,
            "max": 12860.23828125,
            "count": 440
        },
        "AGV.JSSP.best-makespan.mean": {
            "value": 47.559146881103516,
            "min": -1.0,
            "max": 61.639991760253906,
            "count": 440
        },
        "AGV.JSSP.best-makespan.sum": {
            "value": 47.559146881103516,
            "min": -1.0,
            "max": 61.639991760253906,
            "count": 440
        },
        "AGV.TrainingStep.mean": {
            "value": 22838.0,
            "min": 77.0,
            "max": 22933.0,
            "count": 440
        },
        "AGV.TrainingStep.sum": {
            "value": 22838.0,
            "min": 77.0,
            "max": 22933.0,
            "count": 440
        },
        "AGV.Environment.EpisodeLength.mean": {
            "value": 12.985955056179776,
            "min": 12.955307262569832,
            "max": 32.873333333333335,
            "count": 440
        },
        "AGV.Environment.EpisodeLength.sum": {
            "value": 4623.0,
            "min": 4576.0,
            "max": 4931.0,
            "count": 440
        },
        "AGV.JSSP.AverageMakespan.mean": {
            "value": 47.98046875,
            "min": 47.98046875,
            "max": 73.99359517415364,
            "count": 440
        },
        "AGV.JSSP.AverageMakespan.sum": {
            "value": 8540.5234375,
            "min": 5549.519638061523,
            "max": 8684.46484375,
            "count": 440
        },
        "AGV.Step.mean": {
            "value": 2199986.0,
            "min": 4994.0,
            "max": 2199986.0,
            "count": 440
        },
        "AGV.Step.sum": {
            "value": 2199986.0,
            "min": 4994.0,
            "max": 2199986.0,
            "count": 440
        },
        "AGV.Policy.ExtrinsicValueEstimate.mean": {
            "value": -8.441265106201172,
            "min": -13.471354484558105,
            "max": 0.1445540487766266,
            "count": 440
        },
        "AGV.Policy.ExtrinsicValueEstimate.sum": {
            "value": -3013.53173828125,
            "min": -3157.33984375,
            "max": 24.42963409423828,
            "count": 440
        },
        "AGV.Environment.CumulativeReward.mean": {
            "value": -18.00067430384019,
            "min": -44.10247431574641,
            "max": -17.99814286045522,
            "count": 440
        },
        "AGV.Environment.CumulativeReward.sum": {
            "value": -6426.240726470947,
            "min": -7553.867706298828,
            "max": -5422.987522125244,
            "count": 440
        },
        "AGV.Policy.ExtrinsicReward.mean": {
            "value": -18.00067430384019,
            "min": -44.10247431574641,
            "max": -17.99814286045522,
            "count": 440
        },
        "AGV.Policy.ExtrinsicReward.sum": {
            "value": -6426.240726470947,
            "min": -7553.867706298828,
            "max": -5422.987522125244,
            "count": 440
        },
        "AGV.IsTraining.mean": {
            "value": 1.0,
            "min": 1.0,
            "max": 1.0,
            "count": 440
        },
        "AGV.IsTraining.sum": {
            "value": 1.0,
            "min": 1.0,
            "max": 1.0,
            "count": 440
        },
        "AGV.Losses.PolicyLoss.mean": {
            "value": 0.0811445276708679,
            "min": 0.07479966038025598,
            "max": 0.15982307040042454,
            "count": 365
        },
        "AGV.Losses.PolicyLoss.sum": {
            "value": 0.0811445276708679,
            "min": 0.07479966038025598,
            "max": 0.15982307040042454,
            "count": 365
        },
        "AGV.Losses.ValueLoss.mean": {
            "value": 0.00019072330693195407,
            "min": 0.00019072330693195407,
            "max": 72.36018723629891,
            "count": 365
        },
        "AGV.Losses.ValueLoss.sum": {
            "value": 0.00019072330693195407,
            "min": 0.00019072330693195407,
            "max": 72.36018723629891,
            "count": 365
        },
        "AGV.Policy.LearningRate.mean": {
            "value": 1.4187258549999925e-07,
            "min": 1.4187258549999925e-07,
            "max": 9.972468209350003e-05,
            "count": 365
        },
        "AGV.Policy.LearningRate.sum": {
            "value": 1.4187258549999925e-07,
            "min": 1.4187258549999925e-07,
            "max": 9.972468209350003e-05,
            "count": 365
        },
        "AGV.Policy.Epsilon.mean": {
            "value": 0.10014177272727275,
            "min": 0.10014177272727275,
            "max": 0.19972468181818182,
            "count": 365
        },
        "AGV.Policy.Epsilon.sum": {
            "value": 0.10014177272727275,
            "min": 0.10014177272727275,
            "max": 0.19972468181818182,
            "count": 365
        },
        "AGV.Policy.Beta.mean": {
            "value": 1.140355e-05,
            "min": 1.140355e-05,
            "max": 0.0009972743499999997,
            "count": 365
        },
        "AGV.Policy.Beta.sum": {
            "value": 1.140355e-05,
            "min": 1.140355e-05,
            "max": 0.0009972743499999997,
            "count": 365
        }
    },
    "metadata": {
        "timer_format_version": "0.1.0",
        "start_time_seconds": "1667953673",
        "python_version": "3.7.13 (default, Mar 28 2022, 08:03:21) [MSC v.1916 64 bit (AMD64)]",
        "command_line_arguments": "C:\\Users\\diego\\anaconda3\\envs\\mlagents\\Scripts\\mlagents-learn C:\\Users\\diego\\Documents\\Pipe_parasite\\config\\6x3x2.yaml --env C:\\Users\\diego\\Documents\\Pipe_parasite\\6x3x2_L2\\ins_1\\FAS.exe --no-graphics --run-id 6x3x2_L2_ins_1 --num-envs 4 --base-port 5010 --force",
        "mlagents_version": "0.28.0",
        "mlagents_envs_version": "0.28.0",
        "communication_protocol_version": "1.5.0",
        "pytorch_version": "1.7.1+cu110",
        "numpy_version": "1.21.6",
        "end_time_seconds": "1667957202"
    },
    "total": 3529.2131606,
    "count": 1,
    "self": 0.3517212999995536,
    "children": {
        "run_training.setup": {
            "total": 0.2877493999999998,
            "count": 1,
            "self": 0.2877493999999998
        },
        "TrainerController.start_learning": {
            "total": 3528.5736899000003,
            "count": 1,
            "self": 12.516004200047519,
            "children": {
                "TrainerController._reset_env": {
                    "total": 3.5964207999999998,
                    "count": 1,
                    "self": 3.5964207999999998
                },
                "TrainerController.advance": {
                    "total": 3512.3858463999527,
                    "count": 358079,
                    "self": 12.159593599890286,
                    "children": {
                        "env_step": {
                            "total": 2230.1789085000364,
                            "count": 358079,
                            "self": 557.511222299795,
                            "children": {
                                "SubprocessEnvManager._take_step": {
                                    "total": 1665.2736487001139,
                                    "count": 488872,
                                    "self": 35.45206159998497,
                                    "children": {
                                        "TorchPolicy.evaluate": {
                                            "total": 1629.821587100129,
                                            "count": 422039,