{
    "name": "root",
    "gauges": {
        "AGV.Policy.Entropy.mean": {
            "value": 0.357250839471817,
            "min": 0.26677751541137695,
            "max": 1.9395983219146729,
            "count": 1000
        },
        "AGV.Policy.Entropy.sum": {
            "value": 1775.179443359375,
            "min": 1194.8076171875,
            "max": 21803.216796875,
            "count": 1000
        },
        "AGV.JSSP.best-makespan.mean": {
            "value": 75.90032958984375,
            "min": -1.0,
            "max": 101.65701293945312,
            "count": 1000
        },
        "AGV.JSSP.best-makespan.sum": {
            "value": 75.90032958984375,
            "min": -1.0,
            "max": 101.65701293945312,
            "count": 1000
        },
        "AGV.TrainingStep.mean": {
            "value": 56997.0,
            "min": 103.0,
            "max": 57682.0,
            "count": 1000
        },
        "AGV.TrainingStep.sum": {
            "value": 56997.0,
            "min": 103.0,
            "max": 57682.0,
            "count": 1000
        },
        "AGV.Environment.EpisodeLength.mean": {
            "value": 69.15277777777777,
            "min": 44.17272727272727,
            "max": 110.95652173913044,
            "count": 1000
        },
        "AGV.Environment.EpisodeLength.sum": {
            "value": 4979.0,
            "min": 4691.0,
            "max": 5203.0,
            "count": 1000
        },
        "AGV.JSSP.AverageMakespan.mean": {
            "value": 76.52142694261339,
            "min": 76.45733446393695,
            "max": 126.71054518850227,
            "count": 1000
        },
        "AGV.JSSP.AverageMakespan.sum": {
            "value": 2754.771369934082,
            "min": 1857.2394638061523,
            "max": 6036.529510498047,
            "count": 1000
        },
        "AGV.Step.mean": {
            "value": 4999976.0,
            "min": 4959.0,
            "max": 4999976.0,
            "count": 1000
        },
        "AGV.Step.sum": {
            "value": 4999976.0,
            "min": 4959.0,
            "max": 4999976.0,
            "count": 1000
        },
        "AGV.Policy.ExtrinsicValueEstimate.mean": {
            "value": -4.684144973754883,
            "min": -15.27368450164795,
            "max": -0.40508338809013367,
            "count": 1000
        },
        "AGV.Policy.ExtrinsicValueEstimate.sum": {
            "value": -332.57427978515625,
            "min": -1566.0272216796875,
            "max": -34.43208694458008,
            "count": 1000
        },
        "AGV.Environment.CumulativeReward.mean": {
            "value": -14.845988797469877,
            "min": -64.88795959472657,
            "max": -14.800807630512077,
            "count": 1000
        },
        "AGV.Environment.CumulativeReward.sum": {
            "value": -1054.0652046203613,
            "min": -5357.356964111328,
            "max": -809.0161781311035,
            "count": 1000
        },
        "AGV.Policy.ExtrinsicReward.mean": {
            "value": -14.845988797469877,
            "min": -64.88795959472657,
            "max": -14.800807630512077,
            "count": 1000
        },
        "AGV.Policy.ExtrinsicReward.sum": {
            "value": -1054.0652046203613,
            "min": -5357.356964111328,
            "max": -809.0161781311035,
            "count": 1000
        },
        "AGV.IsTraining.mean": {
            "value": 1.0,
            "min": 1.0,
            "max": 1.0,
            "count": 1000
        },
        "AGV.IsTraining.sum": {
            "value": 1.0,
            "min": 1.0,
            "max": 1.0,
            "count": 1000
        },
        "AGV.Losses.PolicyLoss.mean": {
            "value": 0.09365194880714019,
            "min": 0.04568809708283144,
            "max": 0.15117463628028302,
            "count": 822
        },
        "AGV.Losses.PolicyLoss.sum": {
            "value": 0.09365194880714019,
            "min": 0.04568809708283144,
            "max": 0.15117463628028302,
            "count": 822
        },
        "AGV.Losses.ValueLoss.mean": {
            "value": 0.009807442001978396,
            "min": 0.004709049370734298,
            "max": 72.33927676018249,
            "count": 822
        },
        "AGV.Losses.ValueLoss.sum": {
            "value": 0.009807442001978396,
            "min": 0.004709049370734298,
            "max": 72.33927676018249,
            "count": 822
        },
        "AGV.Policy.LearningRate.mean": {
            "value": 1.0519989490000249e-07,
            "min": 1.0519989490000249e-07,
            "max": 9.987916012084003e-05,
            "count": 822
        },
        "AGV.Policy.LearningRate.sum": {
            "value": 1.0519989490000249e-07,
            "min": 1.0519989490000249e-07,
            "max": 9.987916012084003e-05,
            "count": 822
        },
        "AGV.Policy.Epsilon.mean": {
            "value": 0.10010509999999999,
            "min": 0.10010509999999999,
            "max": 0.19987915999999992,
            "count": 822
        },
        "AGV.Policy.Epsilon.sum": {
            "value": 0.10010509999999999,
            "min": 0.10010509999999999,
            "max": 0.19987915999999992,
            "count": 822
        },
        "AGV.Policy.Beta.mean": {
            "value": 1.1040490000000029e-05,
            "min": 1.1040490000000029e-05,
            "max": 0.0009988036840000002,
            "count": 822
        },
        "AGV.Policy.Beta.sum": {
            "value": 1.1040490000000029e-05,
            "min": 1.1040490000000029e-05,
            "max": 0.0009988036840000002,
            "count": 822
        }
    },
    "metadata": {
        "timer_format_version": "0.1.0",
        "start_time_seconds": "1666387765",
        "python_version": "3.6.13 |Anaconda, Inc.| (default, Jun  4 2021, 14:25:59) \n[GCC 7.5.0]",
        "command_line_arguments": "/home/iq953393/.conda/envs/ml-agents/bin/mlagents-learn ./config/6x6x2.yaml --run-id 6x6x2_ins_2 --env=./6x6x2/ins_2/FAS.x86_64 --no-graphics --num-envs 4 --time-scale 5 --base-port 5020",
        "mlagents_version": "0.28.0",
        "mlagents_envs_version": "0.28.0",
        "communication_protocol_version": "1.5.0",
        "pytorch_version": "1.7.1",
        "numpy_version": "1.19.5",
        "end_time_seconds": "1666401478"
    },
    "total": 13713.097990420181,
    "count": 1,
    "self": 1.2757980818860233,
    "children": {
        "run_training.setup": {
            "total": 0.04314294410869479,
            "count": 1,
            "self": 0.04314294410869479
        },
        "TrainerController.start_learning": {
            "total": 13711.779049394187,
            "count": 1,
            "self": 38.6197783020325,
            "children": {
                "TrainerController._reset_env": {
                    "total": 6.038868562784046,
                    "count": 1,
                    "self": 6.038868562784046
                },
                "TrainerController.advance": {
                    "total": 13667.022689415142,
                    "count": 684579,
                    "self": 37.67536128079519,
                    "children": {
                        "env_step": {
                            "total": 10478.407206570264,
                            "count": 684579,
                            "self": 3989.753398398403,
                            "children": {
                                "SubprocessEnvManager._take_step": {
                                    "total": 6454.125146460719,
                                    "count": 1402502,
                                    "self": 226.83010473567992,
                                    "children": {
                                        "TorchPolicy.evaluate": {
                                            "total": 6227.2950417250395,
                                            "count": 1366558,
                                            "self": 2001.612012910191,