{"cameraMode":{"drawMode":0,"name":"Shaded","section":"Shading Mode"},"sceneLighting":true,"audioPlay":false,"sceneViewState":{"m_AlwaysRefresh":false,"showFog":true,"showSkybox":true,"showFlares":true,"showImageEffects":true,"showParticleSystems":true,"showVisualEffectGraphs":true,"m_FxEnabled":false},"in2DMode":false,"pivot":{"x":-1.277597188949585,"y":-14.401228904724121,"z":1.7418787479400635},"rotation":{"x":0.6757547855377197,"y":0.0027329083532094957,"z":-0.0031291095074266197,"w":0.7377023696899414},"size":12.563097953796387,"orthographic":false}