{
    "name": "root",
    "gauges": {
        "AGV.Policy.Entropy.mean": {
            "value": 0.177994966506958,
            "min": 0.11947411298751831,
            "max": 2.2995283603668213,
            "count": 1000
        },
        "AGV.Policy.Entropy.sum": {
            "value": 876.981201171875,
            "min": 549.51025390625,
            "max": 21602.578125,
            "count": 1000
        },
        "AGV.JSSP.best-makespan.mean": {
            "value": 56.60159683227539,
            "min": -1.0,
            "max": 73.47737884521484,
            "count": 1000
        },
        "AGV.JSSP.best-makespan.sum": {
            "value": 56.60159683227539,
            "min": -1.0,
            "max": 73.47737884521484,
            "count": 1000
        },
        "AGV.TrainingStep.mean": {
            "value": 54063.0,
            "min": 105.0,
            "max": 54980.0,
            "count": 1000
        },
        "AGV.TrainingStep.sum": {
            "value": 54063.0,
            "min": 105.0,
            "max": 54980.0,
            "count": 1000
        },
        "AGV.Environment.EpisodeLength.mean": {
            "value": 63.88157894736842,
            "min": 37.83846153846154,
            "max": 79.80645161290323,
            "count": 1000
        },
        "AGV.Environment.EpisodeLength.sum": {
            "value": 4855.0,
            "min": 4667.0,
            "max": 5191.0,
            "count": 1000
        },
        "AGV.JSSP.AverageMakespan.mean": {
            "value": 56.72238791616339,
            "min": 56.708424718756426,
            "max": 91.31298911053202,
            "count": 1000
        },
        "AGV.JSSP.AverageMakespan.sum": {
            "value": 2155.450740814209,
            "min": 1831.7224235534668,
            "max": 5122.09529876709,
            "count": 1000
        },
        "AGV.Step.mean": {
            "value": 4999945.0,
            "min": 4945.0,
            "max": 4999945.0,
            "count": 1000
        },
        "AGV.Step.sum": {
            "value": 4999945.0,
            "min": 4945.0,
            "max": 4999945.0,
            "count": 1000
        },
        "AGV.Policy.ExtrinsicValueEstimate.mean": {
            "value": -8.388019561767578,
            "min": -13.801513671875,
            "max": -0.04289467632770538,
            "count": 1000
        },
        "AGV.Policy.ExtrinsicValueEstimate.sum": {
            "value": -645.8775024414062,
            "min": -1711.3876953125,
            "max": -4.246572971343994,
            "count": 1000
        },
        "AGV.Environment.CumulativeReward.mean": {
            "value": -26.52149621542398,
            "min": -61.227186920822305,
            "max": -26.511161229381823,
            "count": 1000
        },
        "AGV.Environment.CumulativeReward.sum": {
            "value": -2042.1552085876465,
            "min": -6327.66096496582,
            "max": -1757.064868927002,
            "count": 1000
        },
        "AGV.Policy.ExtrinsicReward.mean": {
            "value": -26.52149621542398,
            "min": -61.227186920822305,
            "max": -26.511161229381823,
            "count": 1000
        },
        "AGV.Policy.ExtrinsicReward.sum": {
            "value": -2042.1552085876465,
            "min": -6327.66096496582,
            "max": -1757.064868927002,
            "count": 1000
        },
        "AGV.IsTraining.mean": {
            "value": 1.0,
            "min": 1.0,
            "max": 1.0,
            "count": 1000
        },
        "AGV.IsTraining.sum": {
            "value": 1.0,
            "min": 1.0,
            "max": 1.0,
            "count": 1000
        },
        "AGV.Losses.PolicyLoss.mean": {
            "value": 0.09387365332309236,
            "min": 0.07682976144504675,
            "max": 0.1635772196916483,
            "count": 824
        },
        "AGV.Losses.PolicyLoss.sum": {
            "value": 0.09387365332309236,
            "min": 0.07682976144504675,
            "max": 0.1635772196916483,
            "count": 824
        },
        "AGV.Losses.ValueLoss.mean": {
            "value": 0.002140995285949333,
            "min": 0.0016457847570755372,
            "max": 68.03174696972495,
            "count": 824
        },
        "AGV.Losses.ValueLoss.sum": {
            "value": 0.002140995285949333,
            "min": 0.0016457847570755372,
            "max": 68.03174696972495,
            "count": 824
        },
        "AGV.Policy.LearningRate.mean": {
            "value": 1.5879984219998572e-08,
            "min": 1.5879984219998572e-08,
            "max": 9.987750012250006e-05,
            "count": 824
        },
        "AGV.Policy.LearningRate.sum": {
            "value": 1.5879984219998572e-08,
            "min": 1.5879984219998572e-08,
            "max": 9.987750012250006e-05,
            "count": 824
        },
        "AGV.Policy.Epsilon.mean": {
            "value": 0.10001577999999997,
            "min": 0.10001577999999997,
            "max": 0.19987749999999993,
            "count": 824
        },
        "AGV.Policy.Epsilon.sum": {
            "value": 0.10001577999999997,
            "min": 0.10001577999999997,
            "max": 0.19987749999999993,
            "count": 824
        },
        "AGV.Policy.Beta.mean": {
            "value": 1.0156221999999983e-05,
            "min": 1.0156221999999983e-05,
            "max": 0.0009987872499999998,
            "count": 824
        },
        "AGV.Policy.Beta.sum": {
            "value": 1.0156221999999983e-05,
            "min": 1.0156221999999983e-05,
            "max": 0.0009987872499999998,
            "count": 824
        }
    },
    "metadata": {
        "timer_format_version": "0.1.0",
        "start_time_seconds": "1668040537",
        "python_version": "3.7.13 (default, Mar 28 2022, 08:03:21) [MSC v.1916 64 bit (AMD64)]",
        "command_line_arguments": "C:\\Users\\diego\\anaconda3\\envs\\mlagents\\Scripts\\mlagents-learn C:\\Users\\diego\\Documents\\Pipe_parasite\\config\\9x3x2.yaml --env C:\\Users\\diego\\Documents\\Pipe_parasite\\9x3x2\\ins_1\\FAS.exe --run-id 9x3x2_ins_1 --no-graphics --num-envs 4 --base-port 5010 --time-scale 5",
        "mlagents_version": "0.28.0",
        "mlagents_envs_version": "0.28.0",
        "communication_protocol_version": "1.5.0",
        "pytorch_version": "1.7.1+cu110",
        "numpy_version": "1.21.6",
        "end_time_seconds": "1668047677"
    },
    "total": 7140.1176393,
    "count": 1,
    "self": 0.3578076999992845,
    "children": {
        "run_training.setup": {
            "total": 0.2503473999999999,
            "count": 1,
            "self": 0.2503473999999999
        },
        "TrainerController.start_learning": {
            "total": 7139.509484200001,
            "count": 1,
            "self": 18.15074070006085,
            "children": {
                "TrainerController._reset_env": {
                    "total": 2.4662308,
                    "count": 1,
                    "self": 2.4662308
                },
                "TrainerController.advance": {
                    "total": 7118.82406779994,
                    "count": 600437,
                    "self": 17.010440700029903,
                    "children": {
                        "env_step": {
                            "total": 5364.724665599668,
                            "count": 600437,
                            "self": 805.2458861999739,
                            "children": {
                                "SubprocessEnvManager._take_step": {
                                    "total": 4546.6429930996455,
                                    "count": 1238500,
                                    "self": 80.89049469923975,
                                    "children": {
                                        "TorchPolicy.evaluate": {
                                            "total": 4465.752498400406,
                                            "count": 1197300,