{
    "name": "root",
    "gauges": {
        "AGV.Policy.Entropy.mean": {
            "value": 0.2873300015926361,
            "min": 0.239338219165802,
            "max": 2.3007025718688965,
            "count": 3000
        },
        "AGV.Policy.Entropy.sum": {
            "value": 2265.59716796875,
            "min": 748.9412231445312,
            "max": 39592.8671875,
            "count": 3000
        },
        "AGV.JSSP.best-makespan.mean": {
            "value": 126.44189453125,
            "min": -1.0,
            "max": 205.5729522705078,
            "count": 3000
        },
        "AGV.JSSP.best-makespan.sum": {
            "value": 126.44189453125,
            "min": -1.0,
            "max": 205.5729522705078,
            "count": 3000
        },
        "AGV.TrainingStep.mean": {
            "value": 161120.0,
            "min": 173.0,
            "max": 175542.0,
            "count": 3000
        },
        "AGV.TrainingStep.sum": {
            "value": 161120.0,
            "min": 173.0,
            "max": 175542.0,
            "count": 3000
        },
        "AGV.Environment.EpisodeLength.mean": {
            "value": 96.53846153846153,
            "min": 72.96969696969697,
            "max": 728.0,
            "count": 3000
        },
        "AGV.Environment.EpisodeLength.sum": {
            "value": 5020.0,
            "min": 2777.0,
            "max": 13777.0,
            "count": 3000
        },
        "AGV.JSSP.AverageMakespan.mean": {
            "value": 128.6592431640625,
            "min": 128.04539607121393,
            "max": 241.84562259250217,
            "count": 3000
        },
        "AGV.JSSP.AverageMakespan.sum": {
            "value": 3216.4810791015625,
            "min": 928.1427917480469,
            "max": 6451.739303588867,
            "count": 3000
        },
        "AGV.Step.mean": {
            "value": 14999922.0,
            "min": 4976.0,
            "max": 14999922.0,
            "count": 3000
        },
        "AGV.Step.sum": {
            "value": 14999922.0,
            "min": 4976.0,
            "max": 14999922.0,
            "count": 3000
        },
        "AGV.Policy.ExtrinsicValueEstimate.mean": {
            "value": -27.418991088867188,
            "min": -71.12579345703125,
            "max": -0.0555848702788353,
            "count": 3000
        },
        "AGV.Policy.ExtrinsicValueEstimate.sum": {
            "value": -1398.3685302734375,
            "min": -3693.07373046875,
            "max": -2.723658561706543,
            "count": 3000
        },
        "AGV.Environment.CumulativeReward.mean": {
            "value": -49.75419048234528,
            "min": -155.52474426269532,
            "max": -40.87632601868872,
            "count": 3000
        },
        "AGV.Environment.CumulativeReward.sum": {
            "value": -2537.4637145996094,
            "min": -8696.004699707031,
            "max": -809.3011779785156,
            "count": 3000
        },
        "AGV.Policy.ExtrinsicReward.mean": {
            "value": -49.75419048234528,
            "min": -155.52474426269532,
            "max": -40.87632601868872,
            "count": 3000
        },
        "AGV.Policy.ExtrinsicReward.sum": {
            "value": -2537.4637145996094,
            "min": -8696.004699707031,
            "max": -809.3011779785156,
            "count": 3000
        },
        "AGV.IsTraining.mean": {
            "value": 1.0,
            "min": 1.0,
            "max": 1.0,
            "count": 3000
        },
        "AGV.IsTraining.sum": {
            "value": 1.0,
            "min": 1.0,
            "max": 1.0,
            "count": 3000
        },
        "AGV.Losses.PolicyLoss.mean": {
            "value": 0.02891272626521807,
            "min": 0.01538393191110931,
            "max": 0.42781447199154266,
            "count": 2437
        },
        "AGV.Losses.PolicyLoss.sum": {
            "value": 0.02891272626521807,
            "min": 0.01538393191110931,
            "max": 0.42781447199154266,
            "count": 2437
        },
        "AGV.Losses.ValueLoss.mean": {
            "value": 21.419376052355254,
            "min": 0.04175168904475868,
            "max": 373.80023699308697,
            "count": 2437
        },
        "AGV.Losses.ValueLoss.sum": {
            "value": 21.419376052355254,
            "min": 0.04175168904475868,
            "max": 373.80023699308697,
            "count": 2437
        },
        "AGV.Policy.LearningRate.mean": {
            "value": 2.013331420003209e-09,
            "min": 2.013331420003209e-09,
            "max": 9.995928004071995e-05,
            "count": 2437
        },
        "AGV.Policy.LearningRate.sum": {
            "value": 2.013331420003209e-09,
            "min": 2.013331420003209e-09,
            "max": 9.995928004071995e-05,
            "count": 2437
        },
        "AGV.Policy.Epsilon.mean": {
            "value": 0.10000191333333333,
            "min": 0.10000191333333333,
            "max": 0.19995928000000016,
            "count": 2437
        },
        "AGV.Policy.Epsilon.sum": {
            "value": 0.10000191333333333,
            "min": 0.10000191333333333,
            "max": 0.19995928000000016,
            "count": 2437
        },
        "AGV.Policy.Beta.mean": {
            "value": 1.0018942000000029e-05,
            "min": 1.0018942000000029e-05,
            "max": 0.0009995968720000004,
            "count": 2437
        },
        "AGV.Policy.Beta.sum": {
            "value": 1.0018942000000029e-05,
            "min": 1.0018942000000029e-05,
            "max": 0.0009995968720000004,
            "count": 2437
        }
    },
    "metadata": {
        "timer_format_version": "0.1.0",
        "start_time_seconds": "1667610603",
        "python_version": "3.6.13 |Anaconda, Inc.| (default, Jun  4 2021, 14:25:59) \n[GCC 7.5.0]",
        "command_line_arguments": "/home/iq953393/.conda/envs/ml-agents/bin/mlagents-learn ./config/9x9x2_256x128.yaml --run-id 9x9x2_256x128 --env=./9x9x2/ins_0/FAS.x86_64 --no-graphics --num-envs 4 --time-scale 5 --base-port 5010",
        "mlagents_version": "0.28.0",
        "mlagents_envs_version": "0.28.0",
        "communication_protocol_version": "1.5.0",
        "pytorch_version": "1.7.1",
        "numpy_version": "1.19.5",
        "end_time_seconds": "1667629432"
    },
    "total": 18828.866614138708,
    "count": 1,
    "self": 0.7215467686764896,
    "children": {
        "run_training.setup": {
            "total": 0.0261395750567317,
            "count": 1,
            "self": 0.0261395750567317
        },
        "TrainerController.start_learning": {
            "total": 18828.118927794974,
            "count": 1,
            "self": 87.0330673144199,
            "children": {
                "TrainerController._reset_env": {
                    "total": 3.0360836018808186,
                    "count": 1,
                    "self": 3.0360836018808186
                },
                "TrainerController.advance": {
                    "total": 18737.997938042507,
                    "count": 3401732,
                    "self": 86.32572993217036,
                    "children": {
                        "env_step": {
                            "total": 13550.115639475174,
                            "count": 3401732,
                            "self": 4136.2885506884195,
                            "children": {
                                "SubprocessEnvManager._take_step": {
                                    "total": 9355.953870451543,
                                    "count": 4115227,
                                    "self": 291.90131222084165,
                                    "children": {
                                        "TorchPolicy.evaluate": {
                                            "total": 9064.052558230702,
                                            "count": 4058727,
                                            "self": 2684.0188831738196,