{
    "name": "root",
    "gauges": {
        "AGV.Policy.Entropy.mean": {
            "value": 0.13020381331443787,
            "min": 0.1233777180314064,
            "max": 1.9439821243286133,
            "count": 440
        },
        "AGV.Policy.Entropy.sum": {
            "value": 622.89501953125,
            "min": 615.4573364257812,
            "max": 13535.947265625,
            "count": 440
        },
        "AGV.JSSP.best-makespan.mean": {
            "value": 53.9794921875,
            "min": -1.0,
            "max": 67.32000732421875,
            "count": 440
        },
        "AGV.JSSP.best-makespan.sum": {
            "value": 53.9794921875,
            "min": -1.0,
            "max": 67.32000732421875,
            "count": 440
        },
        "AGV.TrainingStep.mean": {
            "value": 22732.0,
            "min": 68.0,
            "max": 23120.0,
            "count": 440
        },
        "AGV.TrainingStep.sum": {
            "value": 22732.0,
            "min": 68.0,
            "max": 23120.0,
            "count": 440
        },
        "AGV.Environment.EpisodeLength.mean": {
            "value": 13.485549132947977,
            "min": 13.322857142857142,
            "max": 32.24,
            "count": 440
        },
        "AGV.Environment.EpisodeLength.sum": {
            "value": 4666.0,
            "min": 4604.0,
            "max": 4924.0,
            "count": 440
        },
        "AGV.JSSP.AverageMakespan.mean": {
            "value": 54.24977074330942,
            "min": 54.23023979922375,
            "max": 82.90311069488526,
            "count": 440
        },
        "AGV.JSSP.AverageMakespan.sum": {
            "value": 9385.21033859253,
            "min": 6176.545097351074,
            "max": 9494.165588378906,
            "count": 440
        },
        "AGV.Step.mean": {
            "value": 2199991.0,
            "min": 4961.0,
            "max": 2199991.0,
            "count": 440
        },
        "AGV.Step.sum": {
            "value": 2199991.0,
            "min": 4961.0,
            "max": 2199991.0,
            "count": 440
        },
        "AGV.Policy.ExtrinsicValueEstimate.mean": {
            "value": -7.226287841796875,
            "min": -14.732545852661133,
            "max": 0.49063557386398315,
            "count": 440
        },
        "AGV.Policy.ExtrinsicValueEstimate.sum": {
            "value": -2493.0693359375,
            "min": -2944.120849609375,
            "max": 77.02978515625,
            "count": 440
        },
        "AGV.Environment.CumulativeReward.mean": {
            "value": -25.15461034912994,
            "min": -53.83402225971222,
            "max": -25.135626595299524,
            "count": 440
        },
        "AGV.Environment.CumulativeReward.sum": {
            "value": -8678.34057044983,
            "min": -9068.619106292725,
            "max": -7002.2555294036865,
            "count": 440
        },
        "AGV.Policy.ExtrinsicReward.mean": {
            "value": -25.15461034912994,
            "min": -53.83402225971222,
            "max": -25.135626595299524,
            "count": 440
        },
        "AGV.Policy.ExtrinsicReward.sum": {
            "value": -8678.34057044983,
            "min": -9068.619106292725,
            "max": -7002.2555294036865,
            "count": 440
        },
        "AGV.IsTraining.mean": {
            "value": 1.0,
            "min": 1.0,
            "max": 1.0,
            "count": 440
        },
        "AGV.IsTraining.sum": {
            "value": 1.0,
            "min": 1.0,
            "max": 1.0,
            "count": 440
        },
        "AGV.Losses.PolicyLoss.mean": {
            "value": 0.10038777438804825,
            "min": 0.06851284183882257,
            "max": 0.2069901850252868,
            "count": 365
        },
        "AGV.Losses.PolicyLoss.sum": {
            "value": 0.10038777438804825,
            "min": 0.06851284183882257,
            "max": 0.2069901850252868,
            "count": 365
        },
        "AGV.Losses.ValueLoss.mean": {
            "value": 0.003793737618252635,
            "min": 0.003793737618252635,
            "max": 92.28276591605328,
            "count": 365
        },
        "AGV.Losses.ValueLoss.sum": {
            "value": 0.003793737618252635,
            "min": 0.003793737618252635,
            "max": 92.28276591605328,
            "count": 365
        },
        "AGV.Policy.LearningRate.mean": {
            "value": 9.887262849999512e-08,
            "min": 9.887262849999512e-08,
            "max": 9.972531845649998e-05,
            "count": 365
        },
        "AGV.Policy.LearningRate.sum": {
            "value": 9.887262849999512e-08,
            "min": 9.887262849999512e-08,
            "max": 9.972531845649998e-05,
            "count": 365
        },
        "AGV.Policy.Epsilon.mean": {
            "value": 0.10009877272727276,
            "min": 0.10009877272727276,
            "max": 0.19972531818181827,
            "count": 365
        },
        "AGV.Policy.Epsilon.sum": {
            "value": 0.10009877272727276,
            "min": 0.10009877272727276,
            "max": 0.19972531818181827,
            "count": 365
        },
        "AGV.Policy.Beta.mean": {
            "value": 1.0977849999999953e-05,
            "min": 1.0977849999999953e-05,
            "max": 0.00099728065,
            "count": 365
        },
        "AGV.Policy.Beta.sum": {
            "value": 1.0977849999999953e-05,
            "min": 1.0977849999999953e-05,
            "max": 0.00099728065,
            "count": 365
        }
    },
    "metadata": {
        "timer_format_version": "0.1.0",
        "start_time_seconds": "1667950678",
        "python_version": "3.7.13 (default, Mar 28 2022, 08:03:21) [MSC v.1916 64 bit (AMD64)]",
        "command_line_arguments": "C:\\Users\\diego\\anaconda3\\envs\\mlagents\\Scripts\\mlagents-learn C:\\Users\\diego\\Documents\\Pipe_parasite\\config\\6x3x2.yaml --env C:\\Users\\diego\\Documents\\Pipe_parasite\\6x3x2\\ins_3\\FAS.exe --no-graphics --run-id 6x3x2_ins_3 --num-envs 4 --base-port 5030",
        "mlagents_version": "0.28.0",
        "mlagents_envs_version": "0.28.0",
        "communication_protocol_version": "1.5.0",
        "pytorch_version": "1.7.1+cu110",
        "numpy_version": "1.21.6",
        "end_time_seconds": "1667954179"
    },
    "total": 3500.4853676,
    "count": 1,
    "self": 0.43989579999970374,
    "children": {
        "run_training.setup": {
            "total": 0.30623690000000003,
            "count": 1,
            "self": 0.30623690000000003
        },
        "TrainerController.start_learning": {
            "total": 3499.7392349,
            "count": 1,
            "self": 12.40390960001605,
            "children": {
                "TrainerController._reset_env": {
                    "total": 6.3218484,
                    "count": 1,
                    "self": 6.3218484
                },
                "TrainerController.advance": {
                    "total": 3480.9019547999837,
                    "count": 372123,
                    "self": 11.317565599964837,
                    "children": {
                        "env_step": {
                            "total": 2252.228108199961,
                            "count": 372123,
                            "self": 495.3442896998092,
                            "children": {
                                "SubprocessEnvManager._take_step": {
                                    "total": 1749.645564800015,
                                    "count": 509998,
                                    "self": 35.26143230002049,
                                    "children": {
                                        "TorchPolicy.evaluate": {
                                            "total": 1714.3841324999946,
                                            "count": 447193,
                                            "self": 797.3515348999243,