{
    "name": "root",
    "gauges": {
        "AGV.Policy.Entropy.mean": {
            "value": 0.4474155604839325,
            "min": 0.24546048045158386,
            "max": 1.9435763359069824,
            "count": 1000
        },
        "AGV.Policy.Entropy.sum": {
            "value": 1527.029296875,
            "min": 814.7274169921875,
            "max": 27459.48046875,
            "count": 1000
        },
        "AGV.JSSP.best-makespan.mean": {
            "value": 77.48046875,
            "min": -1.0,
            "max": 104.72000122070312,
            "count": 1000
        },
        "AGV.JSSP.best-makespan.sum": {
            "value": 77.48046875,
            "min": -1.0,
            "max": 104.72000122070312,
            "count": 1000
        },
        "AGV.Environment.EpisodeLength.mean": {
            "value": 210.33333333333334,
            "min": 61.675,
            "max": 823.5555555555555,
            "count": 1000
        },
        "AGV.Environment.EpisodeLength.sum": {
            "value": 5048.0,
            "min": 2425.0,
            "max": 16313.0,
            "count": 1000
        },
        "AGV.JSSP.AverageMakespan.mean": {
            "value": 78.5234375,
            "min": 78.07194010416667,
            "max": 134.89333004421658,
            "count": 1000
        },
        "AGV.JSSP.AverageMakespan.sum": {
            "value": 942.28125,
            "min": 320.740234375,
            "max": 4500.128120422363,
            "count": 1000
        },
        "AGV.Step.mean": {
            "value": 4999873.0,
            "min": 4878.0,
            "max": 4999873.0,
            "count": 1000
        },
        "AGV.Step.sum": {
            "value": 4999873.0,
            "min": 4878.0,
            "max": 4999873.0,
            "count": 1000
        },
        "AGV.Policy.ExtrinsicValueEstimate.mean": {
            "value": -10.97802448272705,
            "min": -18.148147583007812,
            "max": -0.3947969377040863,
            "count": 1000
        },
        "AGV.Policy.ExtrinsicValueEstimate.sum": {
            "value": -263.47259521484375,
            "min": -1451.851806640625,
            "max": -23.687816619873047,
            "count": 1000
        },
        "AGV.Environment.CumulativeReward.mean": {
            "value": -26.959049383799236,
            "min": -82.36347298873098,
            "max": -26.25095901489258,
            "count": 1000
        },
        "AGV.Environment.CumulativeReward.sum": {
            "value": -647.0171852111816,
            "min": -4852.914321899414,
            "max": -262.5095901489258,
            "count": 1000
        },
        "AGV.Policy.ExtrinsicReward.mean": {
            "value": -26.959049383799236,
            "min": -82.36347298873098,
            "max": -26.25095901489258,
            "count": 1000
        },
        "AGV.Policy.ExtrinsicReward.sum": {
            "value": -647.0171852111816,
            "min": -4852.914321899414,
            "max": -262.5095901489258,
            "count": 1000
        },
        "AGV.IsTraining.mean": {
            "value": 1.0,
            "min": 1.0,
            "max": 1.0,
            "count": 1000
        },
        "AGV.IsTraining.sum": {
            "value": 1.0,
            "min": 1.0,
            "max": 1.0,
            "count": 1000
        },
        "AGV.Losses.PolicyLoss.mean": {
            "value": 0.08975885019815982,
            "min": 0.07710318711369929,
            "max": 0.1613199573704133,
            "count": 802
        },
        "AGV.Losses.PolicyLoss.sum": {
            "value": 0.08975885019815982,
            "min": 0.07710318711369929,
            "max": 0.1613199573704133,
            "count": 802
        },
        "AGV.Losses.ValueLoss.mean": {
            "value": 0.11597175795109348,
            "min": 0.015547814009417045,
            "max": 51.817279348770775,
            "count": 802
        },
        "AGV.Losses.ValueLoss.sum": {
            "value": 0.11597175795109348,
            "min": 0.015547814009417045,
            "max": 51.817279348770775,
            "count": 802
        },
        "AGV.Policy.LearningRate.mean": {
            "value": 8.225991783999781e-08,
            "min": 8.225991783999781e-08,
            "max": 9.987632012368e-05,
            "count": 802
        },
        "AGV.Policy.LearningRate.sum": {
            "value": 8.225991783999781e-08,
            "min": 8.225991783999781e-08,
            "max": 9.987632012368e-05,
            "count": 802
        },
        "AGV.Policy.Epsilon.mean": {
            "value": 0.10008215999999996,
            "min": 0.10008215999999996,
            "max": 0.19987632,
            "count": 802
        },
        "AGV.Policy.Epsilon.sum": {
            "value": 0.10008215999999996,
            "min": 0.10008215999999996,
            "max": 0.19987632,
            "count": 802
        },
        "AGV.Policy.Beta.mean": {
            "value": 1.0813383999999975e-05,
            "min": 1.0813383999999975e-05,
            "max": 0.000998775568,
            "count": 802
        },
        "AGV.Policy.Beta.sum": {
            "value": 1.0813383999999975e-05,
            "min": 1.0813383999999975e-05,
            "max": 0.000998775568,
            "count": 802
        }
    },
    "metadata": {
        "timer_format_version": "0.1.0",
        "start_time_seconds": "1665934648",
        "python_version": "3.7.13 (default, Mar 28 2022, 08:03:21) [MSC v.1916 64 bit (AMD64)]",
        "command_line_arguments": "C:\\Users\\diego\\anaconda3\\envs\\mlagents\\Scripts\\mlagents-learn ./config/6x6x2.yaml --run-id 6x6x2_ins_0 --env=C:\\Users\\diego\\Documents\\Pipe_parasite\\windowsbuilds\\6x6x2\\ins_0\\FAS.exe --num-envs=4 --time-scale 5 --base-port 5010",
        "mlagents_version": "0.28.0",
        "mlagents_envs_version": "0.28.0",
        "communication_protocol_version": "1.5.0",
        "pytorch_version": "1.7.1+cu110",
        "numpy_version": "1.21.6",
        "end_time_seconds": "1665942194"
    },
    "total": 7545.8402266,
    "count": 1,
    "self": 0.31184160000066186,
    "children": {
        "run_training.setup": {
            "total": 0.2551728000000001,
            "count": 1,
            "self": 0.2551728000000001
        },
        "TrainerController.start_learning": {
            "total": 7545.2732122,
            "count": 1,
            "self": 16.944345299633824,
            "children": {
                "TrainerController._reset_env": {
                    "total": 5.8972631,
                    "count": 1,
                    "self": 5.8972631
                },
                "TrainerController.advance": {
                    "total": 7522.353311400366,
                    "count": 746422,
                    "self": 14.51590970059624,
                    "children": {
                        "env_step": {
                            "total": 6282.332802299984,
                            "count": 746422,
                            "self": 759.377542000103,
                            "children": {
                                "SubprocessEnvManager._take_step": {
                                    "total": 5509.511141000157,
                                    "count": 1946724,
                                    "self": 79.30915090030066,
                                    "children": {
                                        "TorchPolicy.evaluate": {
                                            "total": 5430.201990099857,
                                            "count": 1946386,
                                            "self": 2740.1412894001614,
                                            "children": {
                                                "TorchPolicy.sample_actions": {
                                                    "total": 2690.060700699695,
                                                    "count": 1946386,