{
    "name": "root",
    "gauges": {
        "AGV.Policy.Entropy.mean": {
            "value": 0.4193743169307709,
            "min": 0.35351380705833435,
            "max": 2.2994837760925293,
            "count": 1000
        },
        "AGV.Policy.Entropy.sum": {
            "value": 1724.0478515625,
            "min": 1382.5782470703125,
            "max": 20856.12109375,
            "count": 1000
        },
        "AGV.JSSP.best-makespan.mean": {
            "value": 59.30078125,
            "min": -1.0,
            "max": 82.0821762084961,
            "count": 1000
        },
        "AGV.JSSP.best-makespan.sum": {
            "value": 59.30078125,
            "min": -1.0,
            "max": 82.0821762084961,
            "count": 1000
        },
        "AGV.TrainingStep.mean": {
            "value": 54282.0,
            "min": 121.0,
            "max": 55181.0,
            "count": 1000
        },
        "AGV.TrainingStep.sum": {
            "value": 54282.0,
            "min": 121.0,
            "max": 55181.0,
            "count": 1000
        },
        "AGV.Environment.EpisodeLength.mean": {
            "value": 61.5125,
            "min": 38.88095238095238,
            "max": 108.9090909090909,
            "count": 1000
        },
        "AGV.Environment.EpisodeLength.sum": {
            "value": 4921.0,
            "min": 4601.0,
            "max": 5261.0,
            "count": 1000
        },
        "AGV.JSSP.AverageMakespan.mean": {
            "value": 59.73522605895996,
            "min": 59.698924279982045,
            "max": 101.77433029810588,
            "count": 1000
        },
        "AGV.JSSP.AverageMakespan.sum": {
            "value": 2389.4090423583984,
            "min": 1332.0407676696777,
            "max": 5429.738204956055,
            "count": 1000
        },
        "AGV.Step.mean": {
            "value": 4999995.0,
            "min": 4977.0,
            "max": 4999995.0,
            "count": 1000
        },
        "AGV.Step.sum": {
            "value": 4999995.0,
            "min": 4977.0,
            "max": 4999995.0,
            "count": 1000
        },
        "AGV.Policy.ExtrinsicValueEstimate.mean": {
            "value": -8.743311882019043,
            "min": -14.879114151000977,
            "max": -0.11512153595685959,
            "count": 1000
        },
        "AGV.Policy.ExtrinsicValueEstimate.sum": {
            "value": -699.4649658203125,
            "min": -1859.8892822265625,
            "max": -12.318004608154297,
            "count": 1000
        },
        "AGV.Environment.CumulativeReward.mean": {
            "value": -24.90940442085266,
            "min": -67.33404428582442,
            "max": -24.878867756236684,
            "count": 1000
        },
        "AGV.Environment.CumulativeReward.sum": {
            "value": -1992.752353668213,
            "min": -6435.291957855225,
            "max": -1156.8041648864746,
            "count": 1000
        },
        "AGV.Policy.ExtrinsicReward.mean": {
            "value": -24.90940442085266,
            "min": -67.33404428582442,
            "max": -24.878867756236684,
            "count": 1000
        },
        "AGV.Policy.ExtrinsicReward.sum": {
            "value": -1992.752353668213,
            "min": -6435.291957855225,
            "max": -1156.8041648864746,
            "count": 1000
        },
        "AGV.IsTraining.mean": {
            "value": 1.0,
            "min": 1.0,
            "max": 1.0,
            "count": 1000
        },
        "AGV.IsTraining.sum": {
            "value": 1.0,
            "min": 1.0,
            "max": 1.0,
            "count": 1000
        },
        "AGV.Losses.PolicyLoss.mean": {
            "value": 0.10682106516078899,
            "min": 0.07705408677538024,
            "max": 0.12448811667334092,
            "count": 821
        },
        "AGV.Losses.PolicyLoss.sum": {
            "value": 0.10682106516078899,
            "min": 0.07705408677538024,
            "max": 0.12448811667334092,
            "count": 821
        },
        "AGV.Losses.ValueLoss.mean": {
            "value": 0.0643338533706571,
            "min": 0.005176715620402847,
            "max": 86.25972833024694,
            "count": 821
        },
        "AGV.Losses.ValueLoss.sum": {
            "value": 0.0643338533706571,
            "min": 0.005176715620402847,
            "max": 86.25972833024694,
            "count": 821
        },
        "AGV.Policy.LearningRate.mean": {
            "value": 8.801991207999693e-08,
            "min": 8.801991207999693e-08,
            "max": 9.987968012032e-05,
            "count": 821
        },
        "AGV.Policy.LearningRate.sum": {
            "value": 8.801991207999693e-08,
            "min": 8.801991207999693e-08,
            "max": 9.987968012032e-05,
            "count": 821
        },
        "AGV.Policy.Epsilon.mean": {
            "value": 0.10008792,
            "min": 0.10008792,
            "max": 0.19987967999999992,
            "count": 821
        },
        "AGV.Policy.Epsilon.sum": {
            "value": 0.10008792,
            "min": 0.10008792,
            "max": 0.19987967999999992,
            "count": 821
        },
        "AGV.Policy.Beta.mean": {
            "value": 1.0870407999999966e-05,
            "min": 1.0870407999999966e-05,
            "max": 0.0009988088320000003,
            "count": 821
        },
        "AGV.Policy.Beta.sum": {
            "value": 1.0870407999999966e-05,
            "min": 1.0870407999999966e-05,
            "max": 0.0009988088320000003,
            "count": 821
        }
    },
    "metadata": {
        "timer_format_version": "0.1.0",
        "start_time_seconds": "1668040530",
        "python_version": "3.7.13 (default, Mar 28 2022, 08:03:21) [MSC v.1916 64 bit (AMD64)]",
        "command_line_arguments": "C:\\Users\\diego\\anaconda3\\envs\\mlagents\\Scripts\\mlagents-learn C:\\Users\\diego\\Documents\\Pipe_parasite\\config\\9x3x2.yaml --env C:\\Users\\diego\\Documents\\Pipe_parasite\\9x3x2\\ins_0\\FAS.exe --run-id 9x3x2_ins_0 --no-graphics --num-envs 4 --time-scale 5",
        "mlagents_version": "0.28.0",
        "mlagents_envs_version": "0.28.0",
        "communication_protocol_version": "1.5.0",
        "pytorch_version": "1.7.1+cu110",
        "numpy_version": "1.21.6",
        "end_time_seconds": "1668047379"
    },
    "total": 6848.1439849,
    "count": 1,
    "self": 0.3892531000001327,
    "children": {
        "run_training.setup": {
            "total": 0.2268943,
            "count": 1,
            "self": 0.2268943
        },
        "TrainerController.start_learning": {
            "total": 6847.5278375,
            "count": 1,
            "self": 16.328376200031926,
            "children": {
                "TrainerController._reset_env": {
                    "total": 2.0743105,
                    "count": 1,
                    "self": 2.0743105
                },
                "TrainerController.advance": {
                    "total": 6829.043245199968,
                    "count": 542523,
                    "self": 15.932518400023582,
                    "children": {
                        "env_step": {
                            "total": 5066.5434656999205,
                            "count": 542523,
                            "self": 783.0485056999332,
                            "children": {
                                "SubprocessEnvManager._take_step": {
                                    "total": 4271.550926400292,
                                    "count": 1122564,
                                    "self": 76.61925750038154,
                                    "children": {
                                        "TorchPolicy.evaluate": {
                                            "total": 4194.931668899911,
                                            "count": 1088140,
                                            "self": 2086.7854820999664,