{
    "name": "root",
    "gauges": {
        "AGV.Policy.Entropy.mean": {
            "value": 0.0903204157948494,
            "min": 0.03802565112709999,
            "max": 1.9427080154418945,
            "count": 440
        },
        "AGV.Policy.Entropy.sum": {
            "value": 471.1112976074219,
            "min": 185.3750457763672,
            "max": 13893.46875,
            "count": 440
        },
        "AGV.JSSP.best-makespan.mean": {
            "value": 48.97998046875,
            "min": -1.0,
            "max": 65.97999572753906,
            "count": 440
        },
        "AGV.JSSP.best-makespan.sum": {
            "value": 48.97998046875,
            "min": -1.0,
            "max": 65.97999572753906,
            "count": 440
        },
        "AGV.TrainingStep.mean": {
            "value": 23110.0,
            "min": 85.0,
            "max": 23110.0,
            "count": 440
        },
        "AGV.TrainingStep.sum": {
            "value": 23110.0,
            "min": 85.0,
            "max": 23110.0,
            "count": 440
        },
        "AGV.Environment.EpisodeLength.mean": {
            "value": 15.308441558441558,
            "min": 15.308441558441558,
            "max": 33.86805555555556,
            "count": 440
        },
        "AGV.Environment.EpisodeLength.sum": {
            "value": 4715.0,
            "min": 4647.0,
            "max": 4913.0,
            "count": 440
        },
        "AGV.JSSP.AverageMakespan.mean": {
            "value": 49.62294541396104,
            "min": 49.55833333333333,
            "max": 79.95210674447073,
            "count": 440
        },
        "AGV.JSSP.AverageMakespan.sum": {
            "value": 7641.93359375,
            "min": 5631.853004455566,
            "max": 7641.93359375,
            "count": 440
        },
        "AGV.Step.mean": {
            "value": 2199995.0,
            "min": 4994.0,
            "max": 2199995.0,
            "count": 440
        },
        "AGV.Step.sum": {
            "value": 2199995.0,
            "min": 4994.0,
            "max": 2199995.0,
            "count": 440
        },
        "AGV.Policy.ExtrinsicValueEstimate.mean": {
            "value": -5.063655853271484,
            "min": -12.877617835998535,
            "max": 0.1328682005405426,
            "count": 440
        },
        "AGV.Policy.ExtrinsicValueEstimate.sum": {
            "value": -1554.5423583984375,
            "min": -2705.06591796875,
            "max": 20.993175506591797,
            "count": 440
        },
        "AGV.Environment.CumulativeReward.mean": {
            "value": -15.007974021986175,
            "min": -45.38085262592022,
            "max": -14.942675552368165,
            "count": 440
        },
        "AGV.Environment.CumulativeReward.sum": {
            "value": -4607.448024749756,
            "min": -7566.588203430176,
            "max": -3784.5421028137207,
            "count": 440
        },
        "AGV.Policy.ExtrinsicReward.mean": {
            "value": -15.007974021986175,
            "min": -45.38085262592022,
            "max": -14.942675552368165,
            "count": 440
        },
        "AGV.Policy.ExtrinsicReward.sum": {
            "value": -4607.448024749756,
            "min": -7566.588203430176,
            "max": -3784.5421028137207,
            "count": 440
        },
        "AGV.IsTraining.mean": {
            "value": 1.0,
            "min": 1.0,
            "max": 1.0,
            "count": 440
        },
        "AGV.IsTraining.sum": {
            "value": 1.0,
            "min": 1.0,
            "max": 1.0,
            "count": 440
        },
        "AGV.Losses.PolicyLoss.mean": {
            "value": 0.0948499089027656,
            "min": 0.0768654134064432,
            "max": 0.4772528950323133,
            "count": 365
        },
        "AGV.Losses.PolicyLoss.sum": {
            "value": 0.0948499089027656,
            "min": 0.0768654134064432,
            "max": 0.4772528950323133,
            "count": 365
        },
        "AGV.Losses.ValueLoss.mean": {
            "value": 0.016110256477754485,
            "min": 0.013480225567936256,
            "max": 68.87956007490767,
            "count": 365
        },
        "AGV.Losses.ValueLoss.sum": {
            "value": 0.016110256477754485,
            "min": 0.013480225567936256,
            "max": 68.87956007490767,
            "count": 365
        },
        "AGV.Policy.LearningRate.mean": {
            "value": 3.600905500000108e-08,
            "min": 3.600905500000108e-08,
            "max": 9.972568209250007e-05,
            "count": 365
        },
        "AGV.Policy.LearningRate.sum": {
            "value": 3.600905500000108e-08,
            "min": 3.600905500000108e-08,
            "max": 9.972568209250007e-05,
            "count": 365
        },
        "AGV.Policy.Epsilon.mean": {
            "value": 0.1000359090909091,
            "min": 0.1000359090909091,
            "max": 0.19972568181818193,
            "count": 365
        },
        "AGV.Policy.Epsilon.sum": {
            "value": 0.1000359090909091,
            "min": 0.1000359090909091,
            "max": 0.19972568181818193,
            "count": 365
        },
        "AGV.Policy.Beta.mean": {
            "value": 1.0355500000000013e-05,
            "min": 1.0355500000000013e-05,
            "max": 0.0009972842499999998,
            "count": 365
        },
        "AGV.Policy.Beta.sum": {
            "value": 1.0355500000000013e-05,
            "min": 1.0355500000000013e-05,
            "max": 0.0009972842499999998,
            "count": 365
        }
    },
    "metadata": {
        "timer_format_version": "0.1.0",
        "start_time_seconds": "1667954028",
        "python_version": "3.7.13 (default, Mar 28 2022, 08:03:21) [MSC v.1916 64 bit (AMD64)]",
        "command_line_arguments": "C:\\Users\\diego\\anaconda3\\envs\\mlagents\\Scripts\\mlagents-learn C:\\Users\\diego\\Documents\\Pipe_parasite\\config\\6x3x2.yaml --env C:\\Users\\diego\\Documents\\Pipe_parasite\\6x3x2_L2\\ins_0\\FAS.exe --no-graphics --run-id 6x3x2_L2_ins_0 --num-envs 4",
        "mlagents_version": "0.28.0",
        "mlagents_envs_version": "0.28.0",
        "communication_protocol_version": "1.5.0",
        "pytorch_version": "1.7.1+cu110",
        "numpy_version": "1.21.6",
        "end_time_seconds": "1667957169"
    },
    "total": 3140.3659521,
    "count": 1,
    "self": 0.38846840000041993,
    "children": {
        "run_training.setup": {
            "total": 0.4710149000000001,
            "count": 1,
            "self": 0.4710149000000001
        },
        "TrainerController.start_learning": {
            "total": 3139.5064687999998,
            "count": 1,
            "self": 10.716956199978995,
            "children": {
                "TrainerController._reset_env": {
                    "total": 9.8329683,
                    "count": 1,
                    "self": 9.8329683
                },
                "TrainerController.advance": {
                    "total": 3118.856642200021,
                    "count": 298842,
                    "self": 10.625698700207522,
                    "children": {
                        "env_step": {
                            "total": 1941.2453451999297,
                            "count": 298842,
                            "self": 500.96473049987503,
                            "children": {
                                "SubprocessEnvManager._take_step": {
                                    "total": 1433.7662440000443,
                                    "count": 405137,
                                    "self": 30.868740300012405,
                                    "children": {
                                        "TorchPolicy.evaluate": {
                                            "total": 1402.8975037000318,
                                            "count": 353992,
                                            "self": 642.5587578001,