{
    "name": "root",
    "gauges": {
        "AGV.Policy.Entropy.mean": {
            "value": 0.30362439155578613,
            "min": 0.2733613848686218,
            "max": 2.2979564666748047,
            "count": 3000
        },
        "AGV.Policy.Entropy.sum": {
            "value": 1798.6708984375,
            "min": 718.4319458007812,
            "max": 42409.23046875,
            "count": 3000
        },
        "AGV.JSSP.best-makespan.mean": {
            "value": 123.53245544433594,
            "min": -1.0,
            "max": 206.86134338378906,
            "count": 3000
        },
        "AGV.JSSP.best-makespan.sum": {
            "value": 123.53245544433594,
            "min": -1.0,
            "max": 206.86134338378906,
            "count": 3000
        },
        "AGV.TrainingStep.mean": {
            "value": 160902.0,
            "min": 178.0,
            "max": 161913.0,
            "count": 3000
        },
        "AGV.TrainingStep.sum": {
            "value": 160902.0,
            "min": 178.0,
            "max": 161913.0,
            "count": 3000
        },
        "AGV.Environment.EpisodeLength.mean": {
            "value": 84.0,
            "min": 74.5909090909091,
            "max": 327.85714285714283,
            "count": 3000
        },
        "AGV.Environment.EpisodeLength.sum": {
            "value": 4872.0,
            "min": 2951.0,
            "max": 11927.0,
            "count": 3000
        },
        "AGV.JSSP.AverageMakespan.mean": {
            "value": 124.53818117339036,
            "min": 124.36586964925131,
            "max": 237.7257080078125,
            "count": 3000
        },
        "AGV.JSSP.AverageMakespan.sum": {
            "value": 3611.6072540283203,
            "min": 1201.3847198486328,
            "max": 6482.126922607422,
            "count": 3000
        },
        "AGV.Step.mean": {
            "value": 14999980.0,
            "min": 4845.0,
            "max": 14999980.0,
            "count": 3000
        },
        "AGV.Step.sum": {
            "value": 14999980.0,
            "min": 4845.0,
            "max": 14999980.0,
            "count": 3000
        },
        "AGV.Policy.ExtrinsicValueEstimate.mean": {
            "value": -10.095162391662598,
            "min": -72.27173614501953,
            "max": -0.05316799134016037,
            "count": 3000
        },
        "AGV.Policy.ExtrinsicValueEstimate.sum": {
            "value": -595.6145629882812,
            "min": -3384.164794921875,
            "max": -2.605231523513794,
            "count": 3000
        },
        "AGV.Environment.CumulativeReward.mean": {
            "value": -37.473563889325675,
            "min": -158.86158987192007,
            "max": -37.27269617716471,
            "count": 3000
        },
        "AGV.Environment.CumulativeReward.sum": {
            "value": -2210.940269470215,
            "min": -8521.846664428711,
            "max": -1000.0213623046875,
            "count": 3000
        },
        "AGV.Policy.ExtrinsicReward.mean": {
            "value": -37.473563889325675,
            "min": -158.86158987192007,
            "max": -37.27269617716471,
            "count": 3000
        },
        "AGV.Policy.ExtrinsicReward.sum": {
            "value": -2210.940269470215,
            "min": -8521.846664428711,
            "max": -1000.0213623046875,
            "count": 3000
        },
        "AGV.IsTraining.mean": {
            "value": 1.0,
            "min": 1.0,
            "max": 1.0,
            "count": 3000
        },
        "AGV.IsTraining.sum": {
            "value": 1.0,
            "min": 1.0,
            "max": 1.0,
            "count": 3000
        },
        "AGV.Losses.PolicyLoss.mean": {
            "value": 0.1066907007267238,
            "min": 0.006007125363440106,
            "max": 0.15106037795363414,
            "count": 2433
        },
        "AGV.Losses.PolicyLoss.sum": {
            "value": 0.1066907007267238,
            "min": 0.006007125363440106,
            "max": 0.15106037795363414,
            "count": 2433
        },
        "AGV.Losses.ValueLoss.mean": {
            "value": 0.017754908911483264,
            "min": 0.012762098280871485,
            "max": 212.776468873024,
            "count": 2433
        },
        "AGV.Losses.ValueLoss.sum": {
            "value": 0.017754908911483264,
            "min": 0.012762098280871485,
            "max": 212.776468873024,
            "count": 2433
        },
        "AGV.Policy.LearningRate.mean": {
            "value": 3.255996754000083e-08,
            "min": 3.255996754000083e-08,
            "max": 9.995867337466004e-05,
            "count": 2433
        },
        "AGV.Policy.LearningRate.sum": {
            "value": 3.255996754000083e-08,
            "min": 3.255996754000083e-08,
            "max": 9.995867337466004e-05,
            "count": 2433
        },
        "AGV.Policy.Epsilon.mean": {
            "value": 0.10003245999999999,
            "min": 0.10003245999999999,
            "max": 0.19995867333333336,
            "count": 2433
        },
        "AGV.Policy.Epsilon.sum": {
            "value": 0.10003245999999999,
            "min": 0.10003245999999999,
            "max": 0.19995867333333336,
            "count": 2433
        },
        "AGV.Policy.Beta.mean": {
            "value": 1.0321354000000007e-05,
            "min": 1.0321354000000007e-05,
            "max": 0.0009995908660000003,
            "count": 2433
        },
        "AGV.Policy.Beta.sum": {
            "value": 1.0321354000000007e-05,
            "min": 1.0321354000000007e-05,
            "max": 0.0009995908660000003,
            "count": 2433
        }
    },
    "metadata": {
        "timer_format_version": "0.1.0",
        "start_time_seconds": "1667610530",
        "python_version": "3.6.13 |Anaconda, Inc.| (default, Jun  4 2021, 14:25:59) \n[GCC 7.5.0]",
        "command_line_arguments": "/home/iq953393/.conda/envs/ml-agents/bin/mlagents-learn ./config/9x9x2.yaml --run-id 9x9x2_ins_0 --env=./9x9x2/ins_0/FAS.x86_64 --no-graphics --num-envs 4 --time-scale 5",
        "mlagents_version": "0.28.0",
        "mlagents_envs_version": "0.28.0",
        "communication_protocol_version": "1.5.0",
        "pytorch_version": "1.7.1",
        "numpy_version": "1.19.5",
        "end_time_seconds": "1667628609"
    },
    "total": 18079.045591845643,
    "count": 1,
    "self": 0.9245195426046848,
    "children": {
        "run_training.setup": {
            "total": 0.01864768425002694,
            "count": 1,
            "self": 0.01864768425002694
        },
        "TrainerController.start_learning": {
            "total": 18078.102424618788,
            "count": 1,
            "self": 85.87600523419678,
            "children": {
                "TrainerController._reset_env": {
                    "total": 2.3392015751451254,
                    "count": 1,
                    "self": 2.3392015751451254
                },
                "TrainerController.advance": {
                    "total": 17989.800843211357,
                    "count": 3200072,
                    "self": 78.83124925056472,
                    "children": {
                        "env_step": {
                            "total": 12814.697377763223,
                            "count": 3200072,
                            "self": 4007.2129737706855,
                            "children": {
                                "SubprocessEnvManager._take_step": {
                                    "total": 8753.381735381205,
                                    "count": 3852010,
                                    "self": 270.2264458700083,
                                    "children": {
                                        "TorchPolicy.evaluate": {
                                            "total": 8483.155289511196,
                                            "count": 3797482,
                                            "self": 2510.5895945494995,