{
    "name": "root",
    "gauges": {
        "AGV.Policy.Entropy.mean": {
            "value": 0.30122825503349304,
            "min": 0.20785179734230042,
            "max": 1.9434723854064941,
            "count": 1000
        },
        "AGV.Policy.Entropy.sum": {
            "value": 1355.527099609375,
            "min": 982.6278686523438,
            "max": 20202.287109375,
            "count": 1000
        },
        "AGV.JSSP.best-makespan.mean": {
            "value": 60.448665618896484,
            "min": -1.0,
            "max": 91.69815826416016,
            "count": 1000
        },
        "AGV.JSSP.best-makespan.sum": {
            "value": 60.448665618896484,
            "min": -1.0,
            "max": 91.69815826416016,
            "count": 1000
        },
        "AGV.TrainingStep.mean": {
            "value": 57601.0,
            "min": 86.0,
            "max": 57601.0,
            "count": 1000
        },
        "AGV.TrainingStep.sum": {
            "value": 57601.0,
            "min": 86.0,
            "max": 57601.0,
            "count": 1000
        },
        "AGV.Environment.EpisodeLength.mean": {
            "value": 57.833333333333336,
            "min": 41.26271186440678,
            "max": 73.8529411764706,
            "count": 1000
        },
        "AGV.Environment.EpisodeLength.sum": {
            "value": 4858.0,
            "min": 4697.0,
            "max": 5143.0,
            "count": 1000
        },
        "AGV.JSSP.AverageMakespan.mean": {
            "value": 60.732758749099006,
            "min": 60.68459515455292,
            "max": 107.766162109375,
            "count": 1000
        },
        "AGV.JSSP.AverageMakespan.sum": {
            "value": 2550.775867462158,
            "min": 2157.1324195861816,
            "max": 5499.714920043945,
            "count": 1000
        },
        "AGV.Step.mean": {
            "value": 4999949.0,
            "min": 4967.0,
            "max": 4999949.0,
            "count": 1000
        },
        "AGV.Step.sum": {
            "value": 4999949.0,
            "min": 4967.0,
            "max": 4999949.0,
            "count": 1000
        },
        "AGV.Policy.ExtrinsicValueEstimate.mean": {
            "value": -0.8318424224853516,
            "min": -13.593265533447266,
            "max": 0.05755770951509476,
            "count": 1000
        },
        "AGV.Policy.ExtrinsicValueEstimate.sum": {
            "value": -70.70660400390625,
            "min": -1503.013916015625,
            "max": 5.352867126464844,
            "count": 1000
        },
        "AGV.Environment.CumulativeReward.mean": {
            "value": -10.174617408303654,
            "min": -57.08437226458294,
            "max": -10.13340984482363,
            "count": 1000
        },
        "AGV.Environment.CumulativeReward.sum": {
            "value": -864.8424797058105,
            "min": -5179.703022003174,
            "max": -742.6608238220215,
            "count": 1000
        },
        "AGV.Policy.ExtrinsicReward.mean": {
            "value": -10.174617408303654,
            "min": -57.08437226458294,
            "max": -10.13340984482363,
            "count": 1000
        },
        "AGV.Policy.ExtrinsicReward.sum": {
            "value": -864.8424797058105,
            "min": -5179.703022003174,
            "max": -742.6608238220215,
            "count": 1000
        },
        "AGV.IsTraining.mean": {
            "value": 1.0,
            "min": 1.0,
            "max": 1.0,
            "count": 1000
        },
        "AGV.IsTraining.sum": {
            "value": 1.0,
            "min": 1.0,
            "max": 1.0,
            "count": 1000
        },
        "AGV.Losses.PolicyLoss.mean": {
            "value": 0.09253421947360038,
            "min": 0.07929643290618094,
            "max": 0.1286935721068306,
            "count": 824
        },
        "AGV.Losses.PolicyLoss.sum": {
            "value": 0.09253421947360038,
            "min": 0.07929643290618094,
            "max": 0.1286935721068306,
            "count": 824
        },
        "AGV.Losses.ValueLoss.mean": {
            "value": 0.011900106871402577,
            "min": 0.002469055178094535,
            "max": 57.593451399552194,
            "count": 824
        },
        "AGV.Losses.ValueLoss.sum": {
            "value": 0.011900106871402577,
            "min": 0.002469055178094535,
            "max": 57.593451399552194,
            "count": 824
        },
        "AGV.Policy.LearningRate.mean": {
            "value": 6.823993186000545e-08,
            "min": 6.823993186000545e-08,
            "max": 9.987812012188003e-05,
            "count": 824
        },
        "AGV.Policy.LearningRate.sum": {
            "value": 6.823993186000545e-08,
            "min": 6.823993186000545e-08,
            "max": 9.987812012188003e-05,
            "count": 824
        },
        "AGV.Policy.Epsilon.mean": {
            "value": 0.10006813999999996,
            "min": 0.10006813999999996,
            "max": 0.19987812000000008,
            "count": 824
        },
        "AGV.Policy.Epsilon.sum": {
            "value": 0.10006813999999996,
            "min": 0.10006813999999996,
            "max": 0.19987812000000008,
            "count": 824
        },
        "AGV.Policy.Beta.mean": {
            "value": 1.0674586000000055e-05,
            "min": 1.0674586000000055e-05,
            "max": 0.0009987933880000002,
            "count": 824
        },
        "AGV.Policy.Beta.sum": {
            "value": 1.0674586000000055e-05,
            "min": 1.0674586000000055e-05,
            "max": 0.0009987933880000002,
            "count": 824
        }
    },
    "metadata": {
        "timer_format_version": "0.1.0",
        "start_time_seconds": "1666387751",
        "python_version": "3.6.13 |Anaconda, Inc.| (default, Jun  4 2021, 14:25:59) \n[GCC 7.5.0]",
        "command_line_arguments": "/home/iq953393/.conda/envs/ml-agents/bin/mlagents-learn ./config/6x6x2.yaml --run-id 6x6x2_ins_1 --env=./6x6x2/ins_1/FAS.x86_64 --no-graphics --num-envs 4 --time-scale 5 --base-port 5010",
        "mlagents_version": "0.28.0",
        "mlagents_envs_version": "0.28.0",
        "communication_protocol_version": "1.5.0",
        "pytorch_version": "1.7.1",
        "numpy_version": "1.19.5",
        "end_time_seconds": "1666401262"
    },
    "total": 13511.040591747034,
    "count": 1,
    "self": 1.1358826984651387,
    "children": {
        "run_training.setup": {
            "total": 0.030040256213396788,
            "count": 1,
            "self": 0.030040256213396788
        },
        "TrainerController.start_learning": {
            "total": 13509.874668792356,
            "count": 1,
            "self": 37.75562878232449,
            "children": {
                "TrainerController._reset_env": {
                    "total": 6.595514588057995,
                    "count": 1,
                    "self": 6.595514588057995
                },
                "TrainerController.advance": {
                    "total": 13465.417441456113,
                    "count": 650067,
                    "self": 35.5093153049238,
                    "children": {
                        "env_step": {
                            "total": 10178.214905815199,
                            "count": 650067,
                            "self": 3925.723330290988,
                            "children": {
                                "SubprocessEnvManager._take_step": {
                                    "total": 6219.6998610710725,
                                    "count": 1346325,
                                    "self": 221.705506158527,
                                    "children": {
                                        "TorchPolicy.evaluate": {
                                            "total": 5997.9943549125455,
                                            "count": 1303997,
                                            "self": 1938.6495982548222,