{
    "name": "root",
    "gauges": {
        "AGV.Policy.Entropy.mean": {
            "value": 0.3037894666194916,
            "min": 0.2666304409503937,
            "max": 2.29670786857605,
            "count": 3000
        },
        "AGV.Policy.Entropy.sum": {
            "value": 998.8598022460938,
            "min": 580.03564453125,
            "max": 39515.15234375,
            "count": 3000
        },
        "AGV.JSSP.best-makespan.mean": {
            "value": 121.03406524658203,
            "min": -1.0,
            "max": 207.40357971191406,
            "count": 3000
        },
        "AGV.JSSP.best-makespan.sum": {
            "value": 121.03406524658203,
            "min": -1.0,
            "max": 207.40357971191406,
            "count": 3000
        },
        "AGV.TrainingStep.mean": {
            "value": 162982.0,
            "min": 161.0,
            "max": 163882.0,
            "count": 3000
        },
        "AGV.TrainingStep.sum": {
            "value": 162982.0,
            "min": 161.0,
            "max": 163882.0,
            "count": 3000
        },
        "AGV.Environment.EpisodeLength.mean": {
            "value": 140.27777777777777,
            "min": 82.3,
            "max": 408.0,
            "count": 3000
        },
        "AGV.Environment.EpisodeLength.sum": {
            "value": 5050.0,
            "min": 3968.0,
            "max": 6043.0,
            "count": 3000
        },
        "AGV.JSSP.AverageMakespan.mean": {
            "value": 123.62516487969293,
            "min": 122.42034827338324,
            "max": 231.9330388119346,
            "count": 3000
        },
        "AGV.JSSP.AverageMakespan.sum": {
            "value": 2225.2529678344727,
            "min": 878.3743591308594,
            "max": 6359.281784057617,
            "count": 3000
        },
        "AGV.Step.mean": {
            "value": 14999993.0,
            "min": 4819.0,
            "max": 14999993.0,
            "count": 3000
        },
        "AGV.Step.sum": {
            "value": 14999993.0,
            "min": 4819.0,
            "max": 14999993.0,
            "count": 3000
        },
        "AGV.Policy.ExtrinsicValueEstimate.mean": {
            "value": -8.169240951538086,
            "min": -73.65711212158203,
            "max": 0.31387951970100403,
            "count": 3000
        },
        "AGV.Policy.ExtrinsicValueEstimate.sum": {
            "value": -294.0926818847656,
            "min": -2914.61181640625,
            "max": 14.752337455749512,
            "count": 3000
        },
        "AGV.Environment.CumulativeReward.mean": {
            "value": -29.942775938245987,
            "min": -154.27257375514253,
            "max": -28.799264483981663,
            "count": 3000
        },
        "AGV.Environment.CumulativeReward.sum": {
            "value": -1077.9399337768555,
            "min": -7866.178695678711,
            "max": -673.5199356079102,
            "count": 3000
        },
        "AGV.Policy.ExtrinsicReward.mean": {
            "value": -29.942775938245987,
            "min": -154.27257375514253,
            "max": -28.799264483981663,
            "count": 3000
        },
        "AGV.Policy.ExtrinsicReward.sum": {
            "value": -1077.9399337768555,
            "min": -7866.178695678711,
            "max": -673.5199356079102,
            "count": 3000
        },
        "AGV.IsTraining.mean": {
            "value": 1.0,
            "min": 1.0,
            "max": 1.0,
            "count": 3000
        },
        "AGV.IsTraining.sum": {
            "value": 1.0,
            "min": 1.0,
            "max": 1.0,
            "count": 3000
        },
        "AGV.Losses.PolicyLoss.mean": {
            "value": 0.1009666641487887,
            "min": 0.010249035589331103,
            "max": 0.14530725341731893,
            "count": 2407
        },
        "AGV.Losses.PolicyLoss.sum": {
            "value": 0.1009666641487887,
            "min": 0.010249035589331103,
            "max": 0.14530725341731893,
            "count": 2407
        },
        "AGV.Losses.ValueLoss.mean": {
            "value": 0.047546623902101265,
            "min": 0.03178964818168121,
            "max": 219.21673969469572,
            "count": 2407
        },
        "AGV.Losses.ValueLoss.sum": {
            "value": 0.047546623902101265,
            "min": 0.03178964818168121,
            "max": 219.21673969469572,
            "count": 2407
        },
        "AGV.Policy.LearningRate.mean": {
            "value": 2.001331341999902e-08,
            "min": 2.001331341999902e-08,
            "max": 9.995907337425997e-05,
            "count": 2407
        },
        "AGV.Policy.LearningRate.sum": {
            "value": 2.001331341999902e-08,
            "min": 2.001331341999902e-08,
            "max": 9.995907337425997e-05,
            "count": 2407
        },
        "AGV.Policy.Epsilon.mean": {
            "value": 0.10001991333333339,
            "min": 0.10001991333333339,
            "max": 0.19995907333333326,
            "count": 2407
        },
        "AGV.Policy.Epsilon.sum": {
            "value": 0.10001991333333339,
            "min": 0.10001991333333339,
            "max": 0.19995907333333326,
            "count": 2407
        },
        "AGV.Policy.Beta.mean": {
            "value": 1.0197141999999986e-05,
            "min": 1.0197141999999986e-05,
            "max": 0.000999594826,
            "count": 2407
        },
        "AGV.Policy.Beta.sum": {
            "value": 1.0197141999999986e-05,
            "min": 1.0197141999999986e-05,
            "max": 0.000999594826,
            "count": 2407
        }
    },
    "metadata": {
        "timer_format_version": "0.1.0",
        "start_time_seconds": "1667636274",
        "python_version": "3.6.13 |Anaconda, Inc.| (default, Jun  4 2021, 14:25:59) \n[GCC 7.5.0]",
        "command_line_arguments": "/home/iq953393/.conda/envs/ml-agents/bin/mlagents-learn ./config/9x9x2.yaml --run-id 9x9x2_ins_2 --env=./9x9x2/ins_2/FAS.x86_64 --no-graphics --num-envs 4 --time-scale 5 --base-port 5010",
        "mlagents_version": "0.28.0",
        "mlagents_envs_version": "0.28.0",
        "communication_protocol_version": "1.5.0",
        "pytorch_version": "1.7.1",
        "numpy_version": "1.19.5",
        "end_time_seconds": "1667658792"
    },
    "total": 22518.453261899762,
    "count": 1,
    "self": 0.9375309767201543,
    "children": {
        "run_training.setup": {
            "total": 0.02595309494063258,
            "count": 1,
            "self": 0.02595309494063258
        },
        "TrainerController.start_learning": {
            "total": 22517.4897778281,
            "count": 1,
            "self": 75.66721488768235,
            "children": {
                "TrainerController._reset_env": {
                    "total": 2.908999743871391,
                    "count": 1,
                    "self": 2.908999743871391
                },
                "TrainerController.advance": {
                    "total": 22438.80412231153,
                    "count": 2004270,
                    "self": 78.25653976527974,
                    "children": {
                        "env_step": {
                            "total": 15486.665159752127,
                            "count": 2004270,
                            "self": 6254.460578938946,
                            "children": {
                                "SubprocessEnvManager._take_step": {
                                    "total": 9178.639578709379,
                                    "count": 2820626,
                                    "self": 298.1291084601544,
                                    "children": {
                                        "TorchPolicy.evaluate": {
                                            "total": 8880.510470249224,
                                            "count": 2782613,
                                            "self": 2796.9970816196874,