{"cameraMode":{"drawMode":0,"name":"Shaded","section":"Shading Mode"},"sceneLighting":false,"audioPlay":false,"sceneViewState":{"m_AlwaysRefresh":false,"showFog":true,"showSkybox":false,"showFlares":true,"showImageEffects":true,"showParticleSystems":true,"showVisualEffectGraphs":true,"m_FxEnabled":true},"in2DMode":false,"pivot":{"x":-4.613598346710205,"y":0.23646491765975953,"z":1.4431397914886475},"rotation":{"x":-0.13846509158611298,"y":-0.0017813905142247677,"z":0.00016011112893465906,"w":-0.9904618263244629},"size":0.36060968041419985,"orthographic":false}