{
    "name": "root",
    "gauges": {
        "AGV.Policy.Entropy.mean": {
            "value": 0.08251701295375824,
            "min": 0.07370443642139435,
            "max": 1.9428421258926392,
            "count": 440
        },
        "AGV.Policy.Entropy.sum": {
            "value": 421.82696533203125,
            "min": 357.90875244140625,
            "max": 13794.796875,
            "count": 440
        },
        "AGV.JSSP.best-makespan.mean": {
            "value": 53.9794921875,
            "min": -1.0,
            "max": 70.31999206542969,
            "count": 440
        },
        "AGV.JSSP.best-makespan.sum": {
            "value": 53.9794921875,
            "min": -1.0,
            "max": 70.31999206542969,
            "count": 440
        },
        "AGV.TrainingStep.mean": {
            "value": 23014.0,
            "min": 75.0,
            "max": 23014.0,
            "count": 440
        },
        "AGV.TrainingStep.sum": {
            "value": 23014.0,
            "min": 75.0,
            "max": 23014.0,
            "count": 440
        },
        "AGV.Environment.EpisodeLength.mean": {
            "value": 15.453947368421053,
            "min": 15.154838709677419,
            "max": 32.69078947368421,
            "count": 440
        },
        "AGV.Environment.EpisodeLength.sum": {
            "value": 4698.0,
            "min": 4646.0,
            "max": 4969.0,
            "count": 440
        },
        "AGV.JSSP.AverageMakespan.mean": {
            "value": 54.32755962171053,
            "min": 54.31265318627451,
            "max": 85.01758026123046,
            "count": 440
        },
        "AGV.JSSP.AverageMakespan.sum": {
            "value": 8257.7890625,
            "min": 6144.241310119629,
            "max": 8475.1953125,
            "count": 440
        },
        "AGV.Step.mean": {
            "value": 2199987.0,
            "min": 4983.0,
            "max": 2199987.0,
            "count": 440
        },
        "AGV.Step.sum": {
            "value": 2199987.0,
            "min": 4983.0,
            "max": 2199987.0,
            "count": 440
        },
        "AGV.Policy.ExtrinsicValueEstimate.mean": {
            "value": -6.9214701652526855,
            "min": -14.76866340637207,
            "max": -0.18846574425697327,
            "count": 440
        },
        "AGV.Policy.ExtrinsicValueEstimate.sum": {
            "value": -2104.126953125,
            "min": -2971.32568359375,
            "max": -28.081396102905273,
            "count": 440
        },
        "AGV.Environment.CumulativeReward.mean": {
            "value": -24.145259712871752,
            "min": -54.730898775012285,
            "max": -24.132100827576686,
            "count": 440
        },
        "AGV.Environment.CumulativeReward.sum": {
            "value": -7340.158952713013,
            "min": -8790.91484451294,
            "max": -6539.543354034424,
            "count": 440
        },
        "AGV.Policy.ExtrinsicReward.mean": {
            "value": -24.145259712871752,
            "min": -54.730898775012285,
            "max": -24.132100827576686,
            "count": 440
        },
        "AGV.Policy.ExtrinsicReward.sum": {
            "value": -7340.158952713013,
            "min": -8790.91484451294,
            "max": -6539.543354034424,
            "count": 440
        },
        "AGV.IsTraining.mean": {
            "value": 1.0,
            "min": 1.0,
            "max": 1.0,
            "count": 440
        },
        "AGV.IsTraining.sum": {
            "value": 1.0,
            "min": 1.0,
            "max": 1.0,
            "count": 440
        },
        "AGV.Losses.PolicyLoss.mean": {
            "value": 0.09343292786085859,
            "min": 0.07427374282455508,
            "max": 0.1383594441168169,
            "count": 365
        },
        "AGV.Losses.PolicyLoss.sum": {
            "value": 0.09343292786085859,
            "min": 0.07427374282455508,
            "max": 0.1383594441168169,
            "count": 365
        },
        "AGV.Losses.ValueLoss.mean": {
            "value": 0.005450843081757255,
            "min": 0.0002397695846392456,
            "max": 99.25405050845856,
            "count": 365
        },
        "AGV.Losses.ValueLoss.sum": {
            "value": 0.005450843081757255,
            "min": 0.0002397695846392456,
            "max": 99.25405050845856,
            "count": 365
        },
        "AGV.Policy.LearningRate.mean": {
            "value": 1.0309989699999758e-07,
            "min": 1.0309989699999758e-07,
            "max": 9.972468209350003e-05,
            "count": 365
        },
        "AGV.Policy.LearningRate.sum": {
            "value": 1.0309989699999758e-07,
            "min": 1.0309989699999758e-07,
            "max": 9.972468209350003e-05,
            "count": 365
        },
        "AGV.Policy.Epsilon.mean": {
            "value": 0.10010300000000008,
            "min": 0.10010300000000008,
            "max": 0.19972468181818182,
            "count": 365
        },
        "AGV.Policy.Epsilon.sum": {
            "value": 0.10010300000000008,
            "min": 0.10010300000000008,
            "max": 0.19972468181818182,
            "count": 365
        },
        "AGV.Policy.Beta.mean": {
            "value": 1.1019699999999975e-05,
            "min": 1.1019699999999975e-05,
            "max": 0.0009972743499999997,
            "count": 365
        },
        "AGV.Policy.Beta.sum": {
            "value": 1.1019699999999975e-05,
            "min": 1.1019699999999975e-05,
            "max": 0.0009972743499999997,
            "count": 365
        }
    },
    "metadata": {
        "timer_format_version": "0.1.0",
        "start_time_seconds": "1667954298",
        "python_version": "3.7.13 (default, Mar 28 2022, 08:03:21) [MSC v.1916 64 bit (AMD64)]",
        "command_line_arguments": "C:\\Users\\diego\\anaconda3\\envs\\mlagents\\Scripts\\mlagents-learn C:\\Users\\diego\\Documents\\Pipe_parasite\\config\\6x3x2.yaml --env C:\\Users\\diego\\Documents\\Pipe_parasite\\6x3x2_L2\\ins_3\\FAS.exe --no-graphics --run-id 6x3x2_L2_ins_3 --num-envs 4 --base-port 5030",
        "mlagents_version": "0.28.0",
        "mlagents_envs_version": "0.28.0",
        "communication_protocol_version": "1.5.0",
        "pytorch_version": "1.7.1+cu110",
        "numpy_version": "1.21.6",
        "end_time_seconds": "1667957707"
    },
    "total": 3409.5412914,
    "count": 1,
    "self": 0.4458459999996194,
    "children": {
        "run_training.setup": {
            "total": 0.3576355,
            "count": 1,
            "self": 0.3576355
        },
        "TrainerController.start_learning": {
            "total": 3408.7378099000002,
            "count": 1,
            "self": 12.603746500012221,
            "children": {
                "TrainerController._reset_env": {
                    "total": 3.5951396000000004,
                    "count": 1,
                    "self": 3.5951396000000004
                },
                "TrainerController.advance": {
                    "total": 3392.439535199988,
                    "count": 354160,
                    "self": 11.962860000031924,
                    "children": {
                        "env_step": {
                            "total": 2188.737452,
                            "count": 354160,
                            "self": 541.9878201000968,
                            "children": {
                                "SubprocessEnvManager._take_step": {
                                    "total": 1639.3100230000177,
                                    "count": 477642,
                                    "self": 34.51489270003685,
                                    "children": {
                                        "TorchPolicy.evaluate": {
                                            "total": 1604.7951302999809,
                                            "count": 417993,