{
    "name": "root",
    "gauges": {
        "AGV.Policy.Entropy.mean": {
            "value": 0.09542635828256607,
            "min": 0.08695771545171738,
            "max": 1.9438663721084595,
            "count": 440
        },
        "AGV.Policy.Entropy.sum": {
            "value": 460.623046875,
            "min": 433.33868408203125,
            "max": 12775.134765625,
            "count": 440
        },
        "AGV.JSSP.best-makespan.mean": {
            "value": 52.45392608642578,
            "min": -1.0,
            "max": 63.134117126464844,
            "count": 440
        },
        "AGV.JSSP.best-makespan.sum": {
            "value": 52.45392608642578,
            "min": -1.0,
            "max": 63.134117126464844,
            "count": 440
        },
        "AGV.TrainingStep.mean": {
            "value": 23124.0,
            "min": 75.0,
            "max": 23124.0,
            "count": 440
        },
        "AGV.TrainingStep.sum": {
            "value": 23124.0,
            "min": 75.0,
            "max": 23124.0,
            "count": 440
        },
        "AGV.Environment.EpisodeLength.mean": {
            "value": 15.798657718120806,
            "min": 15.028846153846153,
            "max": 32.65068493150685,
            "count": 440
        },
        "AGV.Environment.EpisodeLength.sum": {
            "value": 4708.0,
            "min": 4617.0,
            "max": 4951.0,
            "count": 440
        },
        "AGV.JSSP.AverageMakespan.mean": {
            "value": 52.61615865822606,
            "min": 52.54715087082212,
            "max": 79.83900273989325,
            "count": 440
        },
        "AGV.JSSP.AverageMakespan.sum": {
            "value": 7839.807640075684,
            "min": 5828.247200012207,
            "max": 8273.51388168335,
            "count": 440
        },
        "AGV.Step.mean": {
            "value": 2199994.0,
            "min": 4993.0,
            "max": 2199994.0,
            "count": 440
        },
        "AGV.Step.sum": {
            "value": 2199994.0,
            "min": 4993.0,
            "max": 2199994.0,
            "count": 440
        },
        "AGV.Policy.ExtrinsicValueEstimate.mean": {
            "value": -8.224575996398926,
            "min": -14.567963600158691,
            "max": 0.1293691098690033,
            "count": 440
        },
        "AGV.Policy.ExtrinsicValueEstimate.sum": {
            "value": -2450.923583984375,
            "min": -2737.79833984375,
            "max": 21.60464096069336,
            "count": 440
        },
        "AGV.Environment.CumulativeReward.mean": {
            "value": -21.118834117915007,
            "min": -48.54789084357184,
            "max": -21.05352019000527,
            "count": 440
        },
        "AGV.Environment.CumulativeReward.sum": {
            "value": -6293.412567138672,
            "min": -7947.955410003662,
            "max": -5706.7593421936035,
            "count": 440
        },
        "AGV.Policy.ExtrinsicReward.mean": {
            "value": -21.118834117915007,
            "min": -48.54789084357184,
            "max": -21.05352019000527,
            "count": 440
        },
        "AGV.Policy.ExtrinsicReward.sum": {
            "value": -6293.412567138672,
            "min": -7947.955410003662,
            "max": -5706.7593421936035,
            "count": 440
        },
        "AGV.IsTraining.mean": {
            "value": 1.0,
            "min": 1.0,
            "max": 1.0,
            "count": 440
        },
        "AGV.IsTraining.sum": {
            "value": 1.0,
            "min": 1.0,
            "max": 1.0,
            "count": 440
        },
        "AGV.Losses.PolicyLoss.mean": {
            "value": 0.09796792036913177,
            "min": 0.06784969274835881,
            "max": 0.15855853225515093,
            "count": 365
        },
        "AGV.Losses.PolicyLoss.sum": {
            "value": 0.09796792036913177,
            "min": 0.06784969274835881,
            "max": 0.15855853225515093,
            "count": 365
        },
        "AGV.Losses.ValueLoss.mean": {
            "value": 0.006704456482498729,
            "min": 0.0035631990370651088,
            "max": 86.28011494494498,
            "count": 365
        },
        "AGV.Losses.ValueLoss.sum": {
            "value": 0.006704456482498729,
            "min": 0.0035631990370651088,
            "max": 86.28011494494498,
            "count": 365
        },
        "AGV.Policy.LearningRate.mean": {
            "value": 7.805446750000504e-08,
            "min": 7.805446750000504e-08,
            "max": 9.97254093655e-05,
            "count": 365
        },
        "AGV.Policy.LearningRate.sum": {
            "value": 7.805446750000504e-08,
            "min": 7.805446750000504e-08,
            "max": 9.97254093655e-05,
            "count": 365
        },
        "AGV.Policy.Epsilon.mean": {
            "value": 0.1000779545454546,
            "min": 0.1000779545454546,
            "max": 0.19972540909090913,
            "count": 365
        },
        "AGV.Policy.Epsilon.sum": {
            "value": 0.1000779545454546,
            "min": 0.1000779545454546,
            "max": 0.19972540909090913,
            "count": 365
        },
        "AGV.Policy.Beta.mean": {
            "value": 1.0771750000000045e-05,
            "min": 1.0771750000000045e-05,
            "max": 0.0009972815500000002,
            "count": 365
        },
        "AGV.Policy.Beta.sum": {
            "value": 1.0771750000000045e-05,
            "min": 1.0771750000000045e-05,
            "max": 0.0009972815500000002,
            "count": 365
        }
    },
    "metadata": {
        "timer_format_version": "0.1.0",
        "start_time_seconds": "1667950664",
        "python_version": "3.7.13 (default, Mar 28 2022, 08:03:21) [MSC v.1916 64 bit (AMD64)]",
        "command_line_arguments": "C:\\Users\\diego\\anaconda3\\envs\\mlagents\\Scripts\\mlagents-learn C:\\Users\\diego\\Documents\\Pipe_parasite\\config\\6x3x2.yaml --env C:\\Users\\diego\\Documents\\Pipe_parasite\\6x3x2\\ins_4\\FAS.exe --no-graphics --run-id 6x3x2_ins_4 --num-envs 4 --base-port 5050",
        "mlagents_version": "0.28.0",
        "mlagents_envs_version": "0.28.0",
        "communication_protocol_version": "1.5.0",
        "pytorch_version": "1.7.1+cu110",
        "numpy_version": "1.21.6",
        "end_time_seconds": "1667953946"
    },
    "total": 3282.184204,
    "count": 1,
    "self": 0.3458891999998741,
    "children": {
        "run_training.setup": {
            "total": 0.3398898,
            "count": 1,
            "self": 0.3398898
        },
        "TrainerController.start_learning": {
            "total": 3281.498425,
            "count": 1,
            "self": 11.167621199925179,
            "children": {
                "TrainerController._reset_env": {
                    "total": 4.5164588,
                    "count": 1,
                    "self": 4.5164588
                },
                "TrainerController.advance": {
                    "total": 3265.7495944000757,
                    "count": 332670,
                    "self": 10.348021200047697,
                    "children": {
                        "env_step": {
                            "total": 2068.6612515999873,
                            "count": 332670,
                            "self": 464.59012569999845,
                            "children": {
                                "SubprocessEnvManager._take_step": {
                                    "total": 1597.4812334999526,
                                    "count": 458027,
                                    "self": 32.712821699917185,
                                    "children": {
                                        "TorchPolicy.evaluate": {
                                            "total": 1564.7684118000354,
                                            "count": 401255,
                                            "self": 728.1667675999914,