{
    "name": "root",
    "gauges": {
        "AGV.Policy.Entropy.mean": {
            "value": 0.055115193128585815,
            "min": 0.03893117606639862,
            "max": 1.942870855331421,
            "count": 440
        },
        "AGV.Policy.Entropy.sum": {
            "value": 289.0240783691406,
            "min": 192.89015197753906,
            "max": 13190.150390625,
            "count": 440
        },
        "AGV.JSSP.best-makespan.mean": {
            "value": 52.6396484375,
            "min": -1.0,
            "max": 68.63999938964844,
            "count": 440
        },
        "AGV.JSSP.best-makespan.sum": {
            "value": 52.6396484375,
            "min": -1.0,
            "max": 68.63999938964844,
            "count": 440
        },
        "AGV.TrainingStep.mean": {
            "value": 23194.0,
            "min": 66.0,
            "max": 23194.0,
            "count": 440
        },
        "AGV.TrainingStep.sum": {
            "value": 23194.0,
            "min": 66.0,
            "max": 23194.0,
            "count": 440
        },
        "AGV.Environment.EpisodeLength.mean": {
            "value": 16.305555555555557,
            "min": 14.665625,
            "max": 31.875,
            "count": 440
        },
        "AGV.Environment.EpisodeLength.sum": {
            "value": 4696.0,
            "min": 4638.0,
            "max": 4882.0,
            "count": 440
        },
        "AGV.JSSP.AverageMakespan.mean": {
            "value": 52.64727105034722,
            "min": 52.645779079861114,
            "max": 80.35890872661884,
            "count": 440
        },
        "AGV.JSSP.AverageMakespan.sum": {
            "value": 7581.20703125,
            "min": 6058.119689941406,
            "max": 8455.011474609375,
            "count": 440
        },
        "AGV.Step.mean": {
            "value": 2199996.0,
            "min": 4970.0,
            "max": 2199996.0,
            "count": 440
        },
        "AGV.Step.sum": {
            "value": 2199996.0,
            "min": 4970.0,
            "max": 2199996.0,
            "count": 440
        },
        "AGV.Policy.ExtrinsicValueEstimate.mean": {
            "value": -5.752034664154053,
            "min": -14.221697807312012,
            "max": -0.13141478598117828,
            "count": 440
        },
        "AGV.Policy.ExtrinsicValueEstimate.sum": {
            "value": -1662.3380126953125,
            "min": -2702.938232421875,
            "max": -20.632122039794922,
            "count": 440
        },
        "AGV.Environment.CumulativeReward.mean": {
            "value": -18.07145653958964,
            "min": -45.820004389836235,
            "max": -18.06898264391669,
            "count": 440
        },
        "AGV.Environment.CumulativeReward.sum": {
            "value": -5222.650939941406,
            "min": -7726.84375,
            "max": -5167.93172454834,
            "count": 440
        },
        "AGV.Policy.ExtrinsicReward.mean": {
            "value": -18.07145653958964,
            "min": -45.820004389836235,
            "max": -18.06898264391669,
            "count": 440
        },
        "AGV.Policy.ExtrinsicReward.sum": {
            "value": -5222.650939941406,
            "min": -7726.84375,
            "max": -5167.93172454834,
            "count": 440
        },
        "AGV.IsTraining.mean": {
            "value": 1.0,
            "min": 1.0,
            "max": 1.0,
            "count": 440
        },
        "AGV.IsTraining.sum": {
            "value": 1.0,
            "min": 1.0,
            "max": 1.0,
            "count": 440
        },
        "AGV.Losses.PolicyLoss.mean": {
            "value": 0.08967808708350392,
            "min": 0.07039419426879984,
            "max": 0.9474210206399414,
            "count": 365
        },
        "AGV.Losses.PolicyLoss.sum": {
            "value": 0.08967808708350392,
            "min": 0.07039419426879984,
            "max": 0.9474210206399414,
            "count": 365
        },
        "AGV.Losses.ValueLoss.mean": {
            "value": 0.0025910583449814946,
            "min": 0.001815783888882687,
            "max": 82.34180587403317,
            "count": 365
        },
        "AGV.Losses.ValueLoss.sum": {
            "value": 0.0025910583449814946,
            "min": 0.001815783888882687,
            "max": 82.34180587403317,
            "count": 365
        },
        "AGV.Policy.LearningRate.mean": {
            "value": 9.746353899999796e-08,
            "min": 9.746353899999796e-08,
            "max": 9.972600027399994e-05,
            "count": 365
        },
        "AGV.Policy.LearningRate.sum": {
            "value": 9.746353899999796e-08,
            "min": 9.746353899999796e-08,
            "max": 9.972600027399994e-05,
            "count": 365
        },
        "AGV.Policy.Epsilon.mean": {
            "value": 0.10009736363636364,
            "min": 0.10009736363636364,
            "max": 0.19972599999999993,
            "count": 365
        },
        "AGV.Policy.Epsilon.sum": {
            "value": 0.10009736363636364,
            "min": 0.10009736363636364,
            "max": 0.19972599999999993,
            "count": 365
        },
        "AGV.Policy.Beta.mean": {
            "value": 1.096389999999998e-05,
            "min": 1.096389999999998e-05,
            "max": 0.0009972874,
            "count": 365
        },
        "AGV.Policy.Beta.sum": {
            "value": 1.096389999999998e-05,
            "min": 1.096389999999998e-05,
            "max": 0.0009972874,
            "count": 365
        }
    },
    "metadata": {
        "timer_format_version": "0.1.0",
        "start_time_seconds": "1667954009",
        "python_version": "3.7.13 (default, Mar 28 2022, 08:03:21) [MSC v.1916 64 bit (AMD64)]",
        "command_line_arguments": "C:\\Users\\diego\\anaconda3\\envs\\mlagents\\Scripts\\mlagents-learn C:\\Users\\diego\\Documents\\Pipe_parasite\\config\\6x3x2.yaml --env C:\\Users\\diego\\Documents\\Pipe_parasite\\6x3x2_L2\\ins_4\\FAS.exe --no-graphics --run-id 6x3x2_L2_ins_4 --num-envs 4 --base-port 5050",
        "mlagents_version": "0.28.0",
        "mlagents_envs_version": "0.28.0",
        "communication_protocol_version": "1.5.0",
        "pytorch_version": "1.7.1+cu110",
        "numpy_version": "1.21.6",
        "end_time_seconds": "1667957343"
    },
    "total": 3334.5847903999997,
    "count": 1,
    "self": 0.4415820999997777,
    "children": {
        "run_training.setup": {
            "total": 0.3625170000000002,
            "count": 1,
            "self": 0.3625170000000002
        },
        "TrainerController.start_learning": {
            "total": 3333.7806913,
            "count": 1,
            "self": 11.645267000011245,
            "children": {
                "TrainerController._reset_env": {
                    "total": 6.285504599999999,
                    "count": 1,
                    "self": 6.285504599999999
                },
                "TrainerController.advance": {
                    "total": 3315.7391369999887,
                    "count": 334746,
                    "self": 12.004082100134838,
                    "children": {
                        "env_step": {
                            "total": 2114.659008199908,
                            "count": 334746,
                            "self": 526.5292322997734,
                            "children": {
                                "SubprocessEnvManager._take_step": {
                                    "total": 1580.9758501001234,
                                    "count": 454458,
                                    "self": 34.08816030005619,
                                    "children": {
                                        "TorchPolicy.evaluate": {
                                            "total": 1546.8876898000672,
                                            "count": 397131,
                                            "self": 712.0016540000947,