{
    "name": "root",
    "gauges": {
        "AGV.Policy.Entropy.mean": {
            "value": 0.027246102690696716,
            "min": 0.026519007980823517,
            "max": 1.9408591985702515,
            "count": 160
        },
        "AGV.Policy.Entropy.sum": {
            "value": 138.73715209960938,
            "min": 131.25003051757812,
            "max": 15212.572265625,
            "count": 160
        },
        "AGV.JSSP.best-makespan.mean": {
            "value": 71.82518005371094,
            "min": 71.82518005371094,
            "max": 100.5005874633789,
            "count": 160
        },
        "AGV.JSSP.best-makespan.sum": {
            "value": 71.82518005371094,
            "min": 71.82518005371094,
            "max": 100.5005874633789,
            "count": 160
        },
        "AGV.TrainingStep.mean": {
            "value": 8377.0,
            "min": 70.0,
            "max": 8377.0,
            "count": 160
        },
        "AGV.TrainingStep.sum": {
            "value": 8377.0,
            "min": 70.0,
            "max": 8377.0,
            "count": 160
        },
        "AGV.Environment.EpisodeLength.mean": {
            "value": 23.0,
            "min": 23.0,
            "max": 48.42574257425743,
            "count": 160
        },
        "AGV.Environment.EpisodeLength.sum": {
            "value": 4807.0,
            "min": 4743.0,
            "max": 4922.0,
            "count": 160
        },
        "AGV.JSSP.AverageMakespan.mean": {
            "value": 72.15955225018223,
            "min": 72.15914564866286,
            "max": 110.06857428220239,
            "count": 160
        },
        "AGV.JSSP.AverageMakespan.sum": {
            "value": 15081.346420288086,
            "min": 10952.83438873291,
            "max": 15558.10580444336,
            "count": 160
        },
        "AGV.Step.mean": {
            "value": 799992.0,
            "min": 4985.0,
            "max": 799992.0,
            "count": 160
        },
        "AGV.Step.sum": {
            "value": 799992.0,
            "min": 4985.0,
            "max": 799992.0,
            "count": 160
        },
        "AGV.Policy.ExtrinsicValueEstimate.mean": {
            "value": -20.312570571899414,
            "min": -28.79140281677246,
            "max": 0.11255906522274017,
            "count": 160
        },
        "AGV.Policy.ExtrinsicValueEstimate.sum": {
            "value": -4245.3271484375,
            "min": -5022.251953125,
            "max": 11.70614242553711,
            "count": 160
        },
        "AGV.Environment.CumulativeReward.mean": {
            "value": -41.83584058113646,
            "min": -79.84589351993976,
            "max": -41.835840518657974,
            "count": 160
        },
        "AGV.Environment.CumulativeReward.sum": {
            "value": -8743.69068145752,
            "min": -10320.450294494629,
            "max": -7894.119068145752,
            "count": 160
        },
        "AGV.Policy.ExtrinsicReward.mean": {
            "value": -41.83584058113646,
            "min": -79.84589351993976,
            "max": -41.835840518657974,
            "count": 160
        },
        "AGV.Policy.ExtrinsicReward.sum": {
            "value": -8743.69068145752,
            "min": -10320.450294494629,
            "max": -7894.119068145752,
            "count": 160
        },
        "AGV.IsTraining.mean": {
            "value": 1.0,
            "min": 1.0,
            "max": 1.0,
            "count": 160
        },
        "AGV.IsTraining.sum": {
            "value": 1.0,
            "min": 1.0,
            "max": 1.0,
            "count": 160
        },
        "AGV.Losses.PolicyLoss.mean": {
            "value": 0.0920315983883561,
            "min": 0.05382298802085701,
            "max": 0.11680391392800757,
            "count": 132
        },
        "AGV.Losses.PolicyLoss.sum": {
            "value": 0.0920315983883561,
            "min": 0.05382298802085701,
            "max": 0.11680391392800757,
            "count": 132
        },
        "AGV.Losses.ValueLoss.mean": {
            "value": 0.0011166080565747874,
            "min": 0.0001400313230988104,
            "max": 205.20888819593065,
            "count": 132
        },
        "AGV.Losses.ValueLoss.sum": {
            "value": 0.0011166080565747874,
            "min": 0.0001400313230988104,
            "max": 205.20888819593065,
            "count": 132
        },
        "AGV.Policy.LearningRate.mean": {
            "value": 7.30099269999997e-07,
            "min": 7.30099269999997e-07,
            "max": 9.924762575237507e-05,
            "count": 132
        },
        "AGV.Policy.LearningRate.sum": {
            "value": 7.30099269999997e-07,
            "min": 7.30099269999997e-07,
            "max": 9.924762575237507e-05,
            "count": 132
        },
        "AGV.Policy.Epsilon.mean": {
            "value": 0.10073000000000003,
            "min": 0.10073000000000003,
            "max": 0.19924762500000007,
            "count": 132
        },
        "AGV.Policy.Epsilon.sum": {
            "value": 0.10073000000000003,
            "min": 0.10073000000000003,
            "max": 0.19924762500000007,
            "count": 132
        },
        "AGV.Policy.Beta.mean": {
            "value": 1.722699999999997e-05,
            "min": 1.722699999999997e-05,
            "max": 0.0009925514874999995,
            "count": 132
        },
        "AGV.Policy.Beta.sum": {
            "value": 1.722699999999997e-05,
            "min": 1.722699999999997e-05,
            "max": 0.0009925514874999995,
            "count": 132
        }
    },
    "metadata": {
        "timer_format_version": "0.1.0",
        "start_time_seconds": "1667947628",
        "python_version": "3.7.13 (default, Mar 28 2022, 08:03:21) [MSC v.1916 64 bit (AMD64)]",
        "command_line_arguments": "C:\\Users\\diego\\anaconda3\\envs\\mlagents\\Scripts\\mlagents-learn C:\\Users\\diego\\Documents\\Pipe_parasite\\config\\6x3x1.yaml --env C:\\Users\\diego\\Documents\\Pipe_parasite\\6x3x1\\ins_1\\FAS.exe --no-graphics --run-id 6x3x1_ins_1 --num-envs 4 --base-port 5010",
        "mlagents_version": "0.28.0",
        "mlagents_envs_version": "0.28.0",
        "communication_protocol_version": "1.5.0",
        "pytorch_version": "1.7.1+cu110",
        "numpy_version": "1.21.6",
        "end_time_seconds": "1667949239"
    },
    "total": 1611.1311668,
    "count": 1,
    "self": 0.4044911000000866,
    "children": {
        "run_training.setup": {
            "total": 0.25159529999999997,
            "count": 1,
            "self": 0.25159529999999997
        },
        "TrainerController.start_learning": {
            "total": 1610.4750804,
            "count": 1,
            "self": 6.580960299988192,
            "children": {
                "TrainerController._reset_env": {
                    "total": 4.4118013000000005,
                    "count": 1,
                    "self": 4.4118013000000005
                },
                "TrainerController.advance": {
                    "total": 1599.358830400012,
                    "count": 219764,
                    "self": 5.956278299934411,
                    "children": {
                        "env_step": {
                            "total": 1237.27710030002,
                            "count": 219764,
                            "self": 237.25835939997626,
                            "children": {
                                "SubprocessEnvManager._take_step": {
                                    "total": 995.9631700000187,
                                    "count": 303586,
                                    "self": 19.36657580001929,
                                    "children": {
                                        "TorchPolicy.evaluate": {
                                            "total": 976.5965941999995,
                                            "count": 273747,