{
    "name": "root",
    "gauges": {
        "AGV.Policy.Entropy.mean": {
            "value": 0.4864809215068817,
            "min": 0.476736456155777,
            "max": 1.3836579322814941,
            "count": 100
        },
        "AGV.Policy.Entropy.sum": {
            "value": 2457.70166015625,
            "min": 2371.763916015625,
            "max": 9655.1650390625,
            "count": 100
        },
        "AGV.JSSP.best-makespan.mean": {
            "value": 35.979736328125,
            "min": 35.979736328125,
            "max": 38.97999954223633,
            "count": 100
        },
        "AGV.JSSP.best-makespan.sum": {
            "value": 35.979736328125,
            "min": 35.979736328125,
            "max": 38.97999954223633,
            "count": 100
        },
        "AGV.TrainingStep.mean": {
            "value": 5238.0,
            "min": 84.0,
            "max": 5269.0,
            "count": 100
        },
        "AGV.TrainingStep.sum": {
            "value": 5238.0,
            "min": 84.0,
            "max": 5269.0,
            "count": 100
        },
        "AGV.Environment.EpisodeLength.mean": {
            "value": 10.5,
            "min": 10.381278538812785,
            "max": 18.137404580152673,
            "count": 100
        },
        "AGV.Environment.EpisodeLength.sum": {
            "value": 4578.0,
            "min": 4544.0,
            "max": 4754.0,
            "count": 100
        },
        "AGV.JSSP.AverageMakespan.mean": {
            "value": 36.35935697643035,
            "min": 36.34283703922676,
            "max": 48.38542767727014,
            "count": 100
        },
        "AGV.JSSP.AverageMakespan.sum": {
            "value": 7926.339820861816,
            "min": 6227.0200843811035,
            "max": 7978.238582611084,
            "count": 100
        },
        "AGV.Step.mean": {
            "value": 499998.0,
            "min": 4993.0,
            "max": 499998.0,
            "count": 100
        },
        "AGV.Step.sum": {
            "value": 499998.0,
            "min": 4993.0,
            "max": 499998.0,
            "count": 100
        },
        "AGV.Policy.ExtrinsicValueEstimate.mean": {
            "value": -0.9032264351844788,
            "min": -5.481093883514404,
            "max": 0.17667704820632935,
            "count": 100
        },
        "AGV.Policy.ExtrinsicValueEstimate.sum": {
            "value": -392.90350341796875,
            "min": -1604.481201171875,
            "max": 48.056156158447266,
            "count": 100
        },
        "AGV.Environment.CumulativeReward.mean": {
            "value": -7.714488974384878,
            "min": -19.692425120960582,
            "max": -7.703423311084097,
            "count": 100
        },
        "AGV.Environment.CumulativeReward.sum": {
            "value": -3355.802703857422,
            "min": -5198.800231933594,
            "max": -3113.5102882385254,
            "count": 100
        },
        "AGV.Policy.ExtrinsicReward.mean": {
            "value": -7.714488974384878,
            "min": -19.692425120960582,
            "max": -7.703423311084097,
            "count": 100
        },
        "AGV.Policy.ExtrinsicReward.sum": {
            "value": -3355.802703857422,
            "min": -5198.800231933594,
            "max": -3113.5102882385254,
            "count": 100
        },
        "AGV.IsTraining.mean": {
            "value": 1.0,
            "min": 1.0,
            "max": 1.0,
            "count": 100
        },
        "AGV.IsTraining.sum": {
            "value": 1.0,
            "min": 1.0,
            "max": 1.0,
            "count": 100
        },
        "AGV.Losses.PolicyLoss.mean": {
            "value": 0.11045368001746234,
            "min": 0.08454638152839021,
            "max": 0.11740798479382028,
            "count": 83
        },
        "AGV.Losses.PolicyLoss.sum": {
            "value": 0.11045368001746234,
            "min": 0.08454638152839021,
            "max": 0.11740798479382028,
            "count": 83
        },
        "AGV.Losses.ValueLoss.mean": {
            "value": 0.023046606746051582,
            "min": 0.020465786677805034,
            "max": 16.98587951761611,
            "count": 83
        },
        "AGV.Losses.ValueLoss.sum": {
            "value": 0.023046606746051582,
            "min": 0.020465786677805034,
            "max": 16.98587951761611,
            "count": 83
        },
        "AGV.Policy.LearningRate.mean": {
            "value": 1.2109987900000448e-07,
            "min": 1.2109987900000448e-07,
            "max": 9.878680121319998e-05,
            "count": 83
        },
        "AGV.Policy.LearningRate.sum": {
            "value": 1.2109987900000448e-07,
            "min": 1.2109987900000448e-07,
            "max": 9.878680121319998e-05,
            "count": 83
        },
        "AGV.Policy.Epsilon.mean": {
            "value": 0.10012099999999999,
            "min": 0.10012099999999999,
            "max": 0.19878680000000004,
            "count": 83
        },
        "AGV.Policy.Epsilon.sum": {
            "value": 0.10012099999999999,
            "min": 0.10012099999999999,
            "max": 0.19878680000000004,
            "count": 83
        },
        "AGV.Policy.Beta.mean": {
            "value": 1.119790000000004e-05,
            "min": 1.119790000000004e-05,
            "max": 0.0009879893199999997,
            "count": 83
        },
        "AGV.Policy.Beta.sum": {
            "value": 1.119790000000004e-05,
            "min": 1.119790000000004e-05,
            "max": 0.0009879893199999997,
            "count": 83
        }
    },
    "metadata": {
        "timer_format_version": "0.1.0",
        "start_time_seconds": "1667949847",
        "python_version": "3.7.13 (default, Mar 28 2022, 08:03:21) [MSC v.1916 64 bit (AMD64)]",
        "command_line_arguments": "C:\\Users\\diego\\anaconda3\\envs\\mlagents\\Scripts\\mlagents-learn C:\\Users\\diego\\Documents\\Pipe_parasite\\config\\3x3x2.yaml --env C:\\Users\\diego\\Documents\\Pipe_parasite\\3x3x2\\ins_3\\FAS.exe --no-graphics --run-id 3x3x2_ins_3 --num-envs 4 --base-port 5030",
        "mlagents_version": "0.28.0",
        "mlagents_envs_version": "0.28.0",
        "communication_protocol_version": "1.5.0",
        "pytorch_version": "1.7.1+cu110",
        "numpy_version": "1.21.6",
        "end_time_seconds": "1667950575"
    },
    "total": 728.1432879,
    "count": 1,
    "self": 0.2581521000000748,
    "children": {
        "run_training.setup": {
            "total": 0.35175500000000004,
            "count": 1,
            "self": 0.35175500000000004
        },
        "TrainerController.start_learning": {
            "total": 727.5333807999999,
            "count": 1,
            "self": 2.200066300005119,
            "children": {
                "TrainerController._reset_env": {
                    "total": 10.0943757,
                    "count": 1,
                    "self": 10.0943757
                },
                "TrainerController.advance": {
                    "total": 715.1737469999948,
                    "count": 70504,
                    "self": 1.9649986999991143,
                    "children": {
                        "env_step": {
                            "total": 421.8665452999968,
                            "count": 70504,
                            "self": 94.14048119997511,
                            "children": {
                                "SubprocessEnvManager._take_step": {
                                    "total": 326.40115580001805,
                                    "count": 104570,
                                    "self": 6.307831200026953,
                                    "children": {
                                        "TorchPolicy.evaluate": {
                                            "total": 320.0933245999911,
                                            "count": 87584,