{
    "name": "root",
    "gauges": {
        "AGV.Policy.Entropy.mean": {
            "value": 0.3748752176761627,
            "min": 0.3486013412475586,
            "max": 1.9413912296295166,
            "count": 1000
        },
        "AGV.Policy.Entropy.sum": {
            "value": 2824.684814453125,
            "min": 961.358154296875,
            "max": 21460.916015625,
            "count": 1000
        },
        "AGV.JSSP.best-makespan.mean": {
            "value": 76.68913269042969,
            "min": -1.0,
            "max": 104.82074737548828,
            "count": 1000
        },
        "AGV.JSSP.best-makespan.sum": {
            "value": 76.68913269042969,
            "min": -1.0,
            "max": 104.82074737548828,
            "count": 1000
        },
        "AGV.TrainingStep.mean": {
            "value": 57708.0,
            "min": 120.0,
            "max": 58536.0,
            "count": 1000
        },
        "AGV.TrainingStep.sum": {
            "value": 57708.0,
            "min": 120.0,
            "max": 58536.0,
            "count": 1000
        },
        "AGV.Environment.EpisodeLength.mean": {
            "value": 154.8125,
            "min": 44.80909090909091,
            "max": 170.1,
            "count": 1000
        },
        "AGV.Environment.EpisodeLength.sum": {
            "value": 4954.0,
            "min": 4389.0,
            "max": 5554.0,
            "count": 1000
        },
        "AGV.JSSP.AverageMakespan.mean": {
            "value": 76.87745094299316,
            "min": 76.82523570341222,
            "max": 126.47163664988982,
            "count": 1000
        },
        "AGV.JSSP.AverageMakespan.sum": {
            "value": 1230.0392150878906,
            "min": 1152.8439025878906,
            "max": 5996.890342712402,
            "count": 1000
        },
        "AGV.Step.mean": {
            "value": 4999866.0,
            "min": 4977.0,
            "max": 4999866.0,
            "count": 1000
        },
        "AGV.Step.sum": {
            "value": 4999866.0,
            "min": 4977.0,
            "max": 4999866.0,
            "count": 1000
        },
        "AGV.Policy.ExtrinsicValueEstimate.mean": {
            "value": -3.1703286170959473,
            "min": -16.866985321044922,
            "max": 0.1990172564983368,
            "count": 1000
        },
        "AGV.Policy.ExtrinsicValueEstimate.sum": {
            "value": -101.45051574707031,
            "min": -1687.3292236328125,
            "max": 17.91155242919922,
            "count": 1000
        },
        "AGV.Environment.CumulativeReward.mean": {
            "value": -16.031283378601074,
            "min": -65.55999388518157,
            "max": -15.989171981811523,
            "count": 1000
        },
        "AGV.Environment.CumulativeReward.sum": {
            "value": -513.0010681152344,
            "min": -5613.0186195373535,
            "max": -497.06169509887695,
            "count": 1000
        },
        "AGV.Policy.ExtrinsicReward.mean": {
            "value": -16.031283378601074,
            "min": -65.55999388518157,
            "max": -15.989171981811523,
            "count": 1000
        },
        "AGV.Policy.ExtrinsicReward.sum": {
            "value": -513.0010681152344,
            "min": -5613.0186195373535,
            "max": -497.06169509887695,
            "count": 1000
        },
        "AGV.IsTraining.mean": {
            "value": 1.0,
            "min": 1.0,
            "max": 1.0,
            "count": 1000
        },
        "AGV.IsTraining.sum": {
            "value": 1.0,
            "min": 1.0,
            "max": 1.0,
            "count": 1000
        },
        "AGV.Losses.PolicyLoss.mean": {
            "value": 0.0926710642933687,
            "min": 0.07445664888209834,
            "max": 0.12195137808931635,
            "count": 815
        },
        "AGV.Losses.PolicyLoss.sum": {
            "value": 0.0926710642933687,
            "min": 0.07445664888209834,
            "max": 0.12195137808931635,
            "count": 815
        },
        "AGV.Losses.ValueLoss.mean": {
            "value": 0.0070328981308464674,
            "min": 0.002109293547012688,
            "max": 68.89045162403838,
            "count": 815
        },
        "AGV.Losses.ValueLoss.sum": {
            "value": 0.0070328981308464674,
            "min": 0.002109293547012688,
            "max": 68.89045162403838,
            "count": 815
        },
        "AGV.Policy.LearningRate.mean": {
            "value": 4.665995343999549e-08,
            "min": 4.665995343999549e-08,
            "max": 9.987944012056003e-05,
            "count": 815
        },
        "AGV.Policy.LearningRate.sum": {
            "value": 4.665995343999549e-08,
            "min": 4.665995343999549e-08,
            "max": 9.987944012056003e-05,
            "count": 815
        },
        "AGV.Policy.Epsilon.mean": {
            "value": 0.10004655999999995,
            "min": 0.10004655999999995,
            "max": 0.19987944000000005,
            "count": 815
        },
        "AGV.Policy.Epsilon.sum": {
            "value": 0.10004655999999995,
            "min": 0.10004655999999995,
            "max": 0.19987944000000005,
            "count": 815
        },
        "AGV.Policy.Beta.mean": {
            "value": 1.0460943999999956e-05,
            "min": 1.0460943999999956e-05,
            "max": 0.0009988064560000002,
            "count": 815
        },
        "AGV.Policy.Beta.sum": {
            "value": 1.0460943999999956e-05,
            "min": 1.0460943999999956e-05,
            "max": 0.0009988064560000002,
            "count": 815
        }
    },
    "metadata": {
        "timer_format_version": "0.1.0",
        "start_time_seconds": "1666387723",
        "python_version": "3.6.13 |Anaconda, Inc.| (default, Jun  4 2021, 14:25:59) \n[GCC 7.5.0]",
        "command_line_arguments": "/home/iq953393/.conda/envs/ml-agents/bin/mlagents-learn ./config/6x6x2.yaml --run-id 6x6x2_ins_0 --env=./6x6x2/ins_0/FAS.x86_64 --no-graphics --num-envs 4 --time-scale 5",
        "mlagents_version": "0.28.0",
        "mlagents_envs_version": "0.28.0",
        "communication_protocol_version": "1.5.0",
        "pytorch_version": "1.7.1",
        "numpy_version": "1.19.5",
        "end_time_seconds": "1666398927"
    },
    "total": 11203.40019759629,
    "count": 1,
    "self": 1.140254834201187,
    "children": {
        "run_training.setup": {
            "total": 0.03212828189134598,
            "count": 1,
            "self": 0.03212828189134598
        },
        "TrainerController.start_learning": {
            "total": 11202.227814480197,
            "count": 1,
            "self": 27.631593659054488,
            "children": {
                "TrainerController._reset_env": {
                    "total": 7.376037498936057,
                    "count": 1,
                    "self": 7.376037498936057
                },
                "TrainerController.advance": {
                    "total": 11167.09468942741,
                    "count": 442369,
                    "self": 27.160296510905027,
                    "children": {
                        "env_step": {
                            "total": 7970.436525863595,
                            "count": 442369,
                            "self": 3213.827992922161,
                            "children": {
                                "SubprocessEnvManager._take_step": {
                                    "total": 4731.805436013732,
                                    "count": 952876,
                                    "self": 170.71428323024884,
                                    "children": {
                                        "TorchPolicy.evaluate": {
                                            "total": 4561.091152783483,
                                            "count": 929293,
                                            "self": 1484.6379770725034,