{
    "name": "root",
    "gauges": {
        "AGV.Policy.Entropy.mean": {
            "value": 0.06873192638158798,
            "min": 0.05649589002132416,
            "max": 1.9424691200256348,
            "count": 440
        },
        "AGV.Policy.Entropy.sum": {
            "value": 342.5599365234375,
            "min": 277.6528015136719,
            "max": 13635.146484375,
            "count": 440
        },
        "AGV.JSSP.best-makespan.mean": {
            "value": 52.3203125,
            "min": -1.0,
            "max": 66.97999572753906,
            "count": 440
        },
        "AGV.JSSP.best-makespan.sum": {
            "value": 52.3203125,
            "min": -1.0,
            "max": 66.97999572753906,
            "count": 440
        },
        "AGV.TrainingStep.mean": {
            "value": 22679.0,
            "min": 65.0,
            "max": 23166.0,
            "count": 440
        },
        "AGV.TrainingStep.sum": {
            "value": 22679.0,
            "min": 65.0,
            "max": 23166.0,
            "count": 440
        },
        "AGV.Environment.EpisodeLength.mean": {
            "value": 14.527950310559007,
            "min": 14.259146341463415,
            "max": 32.846666666666664,
            "count": 440
        },
        "AGV.Environment.EpisodeLength.sum": {
            "value": 4678.0,
            "min": 4630.0,
            "max": 4952.0,
            "count": 440
        },
        "AGV.JSSP.AverageMakespan.mean": {
            "value": 52.76762257451596,
            "min": 52.575491446035876,
            "max": 83.77389496642273,
            "count": 440
        },
        "AGV.JSSP.AverageMakespan.sum": {
            "value": 8495.58723449707,
            "min": 6061.825141906738,
            "max": 8662.34860610962,
            "count": 440
        },
        "AGV.Step.mean": {
            "value": 2199988.0,
            "min": 4979.0,
            "max": 2199988.0,
            "count": 440
        },
        "AGV.Step.sum": {
            "value": 2199988.0,
            "min": 4979.0,
            "max": 2199988.0,
            "count": 440
        },
        "AGV.Policy.ExtrinsicValueEstimate.mean": {
            "value": -6.28891134262085,
            "min": -14.908191680908203,
            "max": -0.06864175945520401,
            "count": 440
        },
        "AGV.Policy.ExtrinsicValueEstimate.sum": {
            "value": -2025.0294189453125,
            "min": -2784.35302734375,
            "max": -10.639472961425781,
            "count": 440
        },
        "AGV.Environment.CumulativeReward.mean": {
            "value": -19.516958449938283,
            "min": -50.86124922897642,
            "max": -19.319812030615083,
            "count": 440
        },
        "AGV.Environment.CumulativeReward.sum": {
            "value": -6284.460620880127,
            "min": -8208.538711547852,
            "max": -5619.846790313721,
            "count": 440
        },
        "AGV.Policy.ExtrinsicReward.mean": {
            "value": -19.516958449938283,
            "min": -50.86124922897642,
            "max": -19.319812030615083,
            "count": 440
        },
        "AGV.Policy.ExtrinsicReward.sum": {
            "value": -6284.460620880127,
            "min": -8208.538711547852,
            "max": -5619.846790313721,
            "count": 440
        },
        "AGV.IsTraining.mean": {
            "value": 1.0,
            "min": 1.0,
            "max": 1.0,
            "count": 440
        },
        "AGV.IsTraining.sum": {
            "value": 1.0,
            "min": 1.0,
            "max": 1.0,
            "count": 440
        },
        "AGV.Losses.PolicyLoss.mean": {
            "value": 0.11147034384230985,
            "min": 0.07031375354037006,
            "max": 0.12077558831252316,
            "count": 365
        },
        "AGV.Losses.PolicyLoss.sum": {
            "value": 0.11147034384230985,
            "min": 0.07031375354037006,
            "max": 0.12077558831252316,
            "count": 365
        },
        "AGV.Losses.ValueLoss.mean": {
            "value": 0.05097792864321394,
            "min": 0.01978266362021578,
            "max": 94.17164181669553,
            "count": 365
        },
        "AGV.Losses.ValueLoss.sum": {
            "value": 0.05097792864321394,
            "min": 0.01978266362021578,
            "max": 94.17164181669553,
            "count": 365
        },
        "AGV.Policy.LearningRate.mean": {
            "value": 9.728172099999471e-08,
            "min": 9.728172099999471e-08,
            "max": 9.9719909371e-05,
            "count": 365
        },
        "AGV.Policy.LearningRate.sum": {
            "value": 9.728172099999471e-08,
            "min": 9.728172099999471e-08,
            "max": 9.9719909371e-05,
            "count": 365
        },
        "AGV.Policy.Epsilon.mean": {
            "value": 0.1000971818181818,
            "min": 0.1000971818181818,
            "max": 0.19971990909090911,
            "count": 365
        },
        "AGV.Policy.Epsilon.sum": {
            "value": 0.1000971818181818,
            "min": 0.1000971818181818,
            "max": 0.19971990909090911,
            "count": 365
        },
        "AGV.Policy.Beta.mean": {
            "value": 1.0962099999999952e-05,
            "min": 1.0962099999999952e-05,
            "max": 0.0009972270999999999,
            "count": 365
        },
        "AGV.Policy.Beta.sum": {
            "value": 1.0962099999999952e-05,
            "min": 1.0962099999999952e-05,
            "max": 0.0009972270999999999,
            "count": 365
        }
    },
    "metadata": {
        "timer_format_version": "0.1.0",
        "start_time_seconds": "1667957830",
        "python_version": "3.7.13 (default, Mar 28 2022, 08:03:21) [MSC v.1916 64 bit (AMD64)]",
        "command_line_arguments": "C:\\Users\\diego\\anaconda3\\envs\\mlagents\\Scripts\\mlagents-learn C:\\Users\\diego\\Documents\\Pipe_parasite\\config\\6x3x2.yaml --env C:\\Users\\diego\\Documents\\Pipe_parasite\\6x3x2_L3\\ins_4\\FAS.exe --no-graphics --run-id 6x3x2_L3_ins_4 --num-envs 4 --base-port 5050",
        "mlagents_version": "0.28.0",
        "mlagents_envs_version": "0.28.0",
        "communication_protocol_version": "1.5.0",
        "pytorch_version": "1.7.1+cu110",
        "numpy_version": "1.21.6",
        "end_time_seconds": "1667961093"
    },
    "total": 3263.8098473,
    "count": 1,
    "self": 0.3514423000001443,
    "children": {
        "run_training.setup": {
            "total": 0.29805400000000004,
            "count": 1,
            "self": 0.29805400000000004
        },
        "TrainerController.start_learning": {
            "total": 3263.160351,
            "count": 1,
            "self": 11.278845100153376,
            "children": {
                "TrainerController._reset_env": {
                    "total": 4.9380332000000005,
                    "count": 1,
                    "self": 4.9380332000000005
                },
                "TrainerController.advance": {
                    "total": 3246.879678899847,
                    "count": 357503,
                    "self": 10.889039499846149,
                    "children": {
                        "env_step": {
                            "total": 2080.8087685000714,
                            "count": 357503,
                            "self": 488.64020849998724,
                            "children": {
                                "SubprocessEnvManager._take_step": {
                                    "total": 1585.3814001000414,
                                    "count": 478629,
                                    "self": 32.518945500038626,
                                    "children": {
                                        "TorchPolicy.evaluate": {
                                            "total": 1552.8624546000028,
                                            "count": 419155,