{"cameraMode":{"drawMode":0,"name":"Shaded","section":"Shading Mode"},"sceneLighting":false,"audioPlay":false,"sceneViewState":{"m_AlwaysRefresh":false,"showFog":true,"showSkybox":false,"showFlares":true,"showImageEffects":true,"showParticleSystems":true,"showVisualEffectGraphs":true,"m_FxEnabled":true},"in2DMode":false,"pivot":{"x":-3.0999999046325685,"y":-0.09000000357627869,"z":2.240000009536743},"rotation":{"x":-0.0518803708255291,"y":-0.0002892196935135871,"z":-0.00014062748232390732,"w":-0.9987905621528626},"size":1.1120401620864869,"orthographic":false}