{"cameraMode":{"drawMode":0,"name":"Shaded","section":"Shading Mode"},"sceneLighting":false,"audioPlay":false,"sceneViewState":{"m_AlwaysRefresh":false,"showFog":true,"showSkybox":false,"showFlares":true,"showImageEffects":true,"showParticleSystems":true,"showVisualEffectGraphs":true,"m_FxEnabled":false},"in2DMode":false,"pivot":{"x":1.350000023841858,"y":1.9199999570846558,"z":-0.06000000238418579},"rotation":{"x":0.6632698774337769,"y":-0.0016126533737406135,"z":0.0014607665361836553,"w":0.7489513158798218},"size":0.08660545200109482,"orthographic":false}