{"cameraMode":{"drawMode":0,"name":"Shaded","section":"Shading Mode"},"sceneLighting":false,"audioPlay":false,"sceneViewState":{"m_AlwaysRefresh":false,"showFog":true,"showSkybox":false,"showFlares":true,"showImageEffects":true,"showParticleSystems":true,"showVisualEffectGraphs":true,"m_FxEnabled":true},"in2DMode":false,"pivot":{"x":2.0088770389556886,"y":0.3853233754634857,"z":2.277637243270874},"rotation":{"x":0.6154646277427673,"y":-0.007098294794559479,"z":0.005532862618565559,"w":0.7881240248680115},"size":0.9355382919311523,"orthographic":false}