{"cameraMode":{"drawMode":0,"name":"Shaded","section":"Shading Mode"},"sceneLighting":false,"audioPlay":false,"sceneViewState":{"m_AlwaysRefresh":false,"showFog":true,"showSkybox":false,"showFlares":true,"showImageEffects":true,"showParticleSystems":true,"showVisualEffectGraphs":true,"m_FxEnabled":true},"in2DMode":false,"pivot":{"x":-2.6700000762939455,"y":0.1080000102519989,"z":0.7889999151229858},"rotation":{"x":-0.29119473695755007,"y":-0.3714975416660309,"z":0.12376703321933747,"w":-0.8729981184005737},"size":0.6145535707473755,"orthographic":false}