{
    "name": "root",
    "gauges": {
        "AGV.Policy.Entropy.mean": {
            "value": 0.48786619305610657,
            "min": 0.3381514549255371,
            "max": 2.299466371536255,
            "count": 1000
        },
        "AGV.Policy.Entropy.sum": {
            "value": 2495.435546875,
            "min": 1355.965576171875,
            "max": 22416.259765625,
            "count": 1000
        },
        "AGV.JSSP.best-makespan.mean": {
            "value": 64.7141342163086,
            "min": -1.0,
            "max": 81.90235900878906,
            "count": 1000
        },
        "AGV.JSSP.best-makespan.sum": {
            "value": 64.7141342163086,
            "min": -1.0,
            "max": 81.90235900878906,
            "count": 1000
        },
        "AGV.TrainingStep.mean": {
            "value": 54867.0,
            "min": 111.0,
            "max": 56050.0,
            "count": 1000
        },
        "AGV.TrainingStep.sum": {
            "value": 54867.0,
            "min": 111.0,
            "max": 56050.0,
            "count": 1000
        },
        "AGV.Environment.EpisodeLength.mean": {
            "value": 59.47560975609756,
            "min": 39.274193548387096,
            "max": 111.79545454545455,
            "count": 1000
        },
        "AGV.Environment.EpisodeLength.sum": {
            "value": 4877.0,
            "min": 4557.0,
            "max": 5260.0,
            "count": 1000
        },
        "AGV.JSSP.AverageMakespan.mean": {
            "value": 64.93734238787395,
            "min": 64.83546447753906,
            "max": 99.68942279350466,
            "count": 1000
        },
        "AGV.JSSP.AverageMakespan.sum": {
            "value": 2662.431037902832,
            "min": 1603.1724090576172,
            "max": 5147.39013671875,
            "count": 1000
        },
        "AGV.Step.mean": {
            "value": 4999933.0,
            "min": 4954.0,
            "max": 4999933.0,
            "count": 1000
        },
        "AGV.Step.sum": {
            "value": 4999933.0,
            "min": 4954.0,
            "max": 4999933.0,
            "count": 1000
        },
        "AGV.Policy.ExtrinsicValueEstimate.mean": {
            "value": -13.8534517288208,
            "min": -18.963842391967773,
            "max": 0.045738499611616135,
            "count": 1000
        },
        "AGV.Policy.ExtrinsicValueEstimate.sum": {
            "value": -1135.9830322265625,
            "min": -1679.8114013671875,
            "max": 4.116465091705322,
            "count": 1000
        },
        "AGV.Environment.CumulativeReward.mean": {
            "value": -36.00992514447468,
            "min": -70.51512085519185,
            "max": -35.91733493080622,
            "count": 1000
        },
        "AGV.Environment.CumulativeReward.sum": {
            "value": -2952.813861846924,
            "min": -6985.818824768066,
            "max": -1894.8828353881836,
            "count": 1000
        },
        "AGV.Policy.ExtrinsicReward.mean": {
            "value": -36.00992514447468,
            "min": -70.51512085519185,
            "max": -35.91733493080622,
            "count": 1000
        },
        "AGV.Policy.ExtrinsicReward.sum": {
            "value": -2952.813861846924,
            "min": -6985.818824768066,
            "max": -1894.8828353881836,
            "count": 1000
        },
        "AGV.IsTraining.mean": {
            "value": 1.0,
            "min": 1.0,
            "max": 1.0,
            "count": 1000
        },
        "AGV.IsTraining.sum": {
            "value": 1.0,
            "min": 1.0,
            "max": 1.0,
            "count": 1000
        },
        "AGV.Losses.PolicyLoss.mean": {
            "value": 0.09401792185871224,
            "min": 0.07444418774623619,
            "max": 0.6180269387451575,
            "count": 822
        },
        "AGV.Losses.PolicyLoss.sum": {
            "value": 0.09401792185871224,
            "min": 0.07444418774623619,
            "max": 0.6180269387451575,
            "count": 822
        },
        "AGV.Losses.ValueLoss.mean": {
            "value": 0.01689322113647665,
            "min": 0.0034314401227196582,
            "max": 80.12372100227758,
            "count": 822
        },
        "AGV.Losses.ValueLoss.sum": {
            "value": 0.01689322113647665,
            "min": 0.0034314401227196582,
            "max": 80.12372100227758,
            "count": 822
        },
        "AGV.Policy.LearningRate.mean": {
            "value": 8.17999182999957e-08,
            "min": 8.17999182999957e-08,
            "max": 9.987840012160003e-05,
            "count": 822
        },
        "AGV.Policy.LearningRate.sum": {
            "value": 8.17999182999957e-08,
            "min": 8.17999182999957e-08,
            "max": 9.987840012160003e-05,
            "count": 822
        },
        "AGV.Policy.Epsilon.mean": {
            "value": 0.10008170000000007,
            "min": 0.10008170000000007,
            "max": 0.19987839999999996,
            "count": 822
        },
        "AGV.Policy.Epsilon.sum": {
            "value": 0.10008170000000007,
            "min": 0.10008170000000007,
            "max": 0.19987839999999996,
            "count": 822
        },
        "AGV.Policy.Beta.mean": {
            "value": 1.0808829999999957e-05,
            "min": 1.0808829999999957e-05,
            "max": 0.0009987961599999995,
            "count": 822
        },
        "AGV.Policy.Beta.sum": {
            "value": 1.0808829999999957e-05,
            "min": 1.0808829999999957e-05,
            "max": 0.0009987961599999995,
            "count": 822
        }
    },
    "metadata": {
        "timer_format_version": "0.1.0",
        "start_time_seconds": "1668040561",
        "python_version": "3.7.13 (default, Mar 28 2022, 08:03:21) [MSC v.1916 64 bit (AMD64)]",
        "command_line_arguments": "C:\\Users\\diego\\anaconda3\\envs\\mlagents\\Scripts\\mlagents-learn C:\\Users\\diego\\Documents\\Pipe_parasite\\config\\9x3x2.yaml --env C:\\Users\\diego\\Documents\\Pipe_parasite\\9x3x2\\ins_3\\FAS.exe --run-id 9x3x2_ins_3 --no-graphics --num-envs 4 --base-port 5030 --time-scale 5",
        "mlagents_version": "0.28.0",
        "mlagents_envs_version": "0.28.0",
        "communication_protocol_version": "1.5.0",
        "pytorch_version": "1.7.1+cu110",
        "numpy_version": "1.21.6",
        "end_time_seconds": "1668047738"
    },
    "total": 7177.3196172,
    "count": 1,
    "self": 0.31969309999931284,
    "children": {
        "run_training.setup": {
            "total": 0.4937423000000001,
            "count": 1,
            "self": 0.4937423000000001
        },
        "TrainerController.start_learning": {
            "total": 7176.5061818,
            "count": 1,
            "self": 17.977519000246502,
            "children": {
                "TrainerController._reset_env": {
                    "total": 12.3726335,
                    "count": 1,
                    "self": 12.3726335
                },
                "TrainerController.advance": {
                    "total": 7146.093048499753,
                    "count": 613696,
                    "self": 17.50396270002966,
                    "children": {
                        "env_step": {
                            "total": 5423.358356499775,
                            "count": 613696,
                            "self": 809.0516130004244,
                            "children": {
                                "SubprocessEnvManager._take_step": {
                                    "total": 4601.107022999987,
                                    "count": 1263571,
                                    "self": 81.31236800018996,
                                    "children": {
                                        "TorchPolicy.evaluate": {
                                            "total": 4519.794654999797,
                                            "count": 1225712,