{
    "name": "root",
    "gauges": {
        "AGV.Policy.Entropy.mean": {
            "value": 0.4672738313674927,
            "min": 0.4604593515396118,
            "max": 1.38198983669281,
            "count": 100
        },
        "AGV.Policy.Entropy.sum": {
            "value": 2378.423828125,
            "min": 2264.5390625,
            "max": 9531.583984375,
            "count": 100
        },
        "AGV.JSSP.best-makespan.mean": {
            "value": 31.97998046875,
            "min": 31.97998046875,
            "max": 33.31999969482422,
            "count": 100
        },
        "AGV.JSSP.best-makespan.sum": {
            "value": 31.97998046875,
            "min": 31.97998046875,
            "max": 33.31999969482422,
            "count": 100
        },
        "AGV.TrainingStep.mean": {
            "value": 5226.0,
            "min": 81.0,
            "max": 5265.0,
            "count": 100
        },
        "AGV.TrainingStep.sum": {
            "value": 5226.0,
            "min": 81.0,
            "max": 5265.0,
            "count": 100
        },
        "AGV.Environment.EpisodeLength.mean": {
            "value": 9.502100840336135,
            "min": 9.217213114754099,
            "max": 17.283088235294116,
            "count": 100
        },
        "AGV.Environment.EpisodeLength.sum": {
            "value": 4523.0,
            "min": 4478.0,
            "max": 4771.0,
            "count": 100
        },
        "AGV.JSSP.AverageMakespan.mean": {
            "value": 32.372351381959035,
            "min": 32.367834637273894,
            "max": 42.6719570720897,
            "count": 100
        },
        "AGV.JSSP.AverageMakespan.sum": {
            "value": 7704.61962890625,
            "min": 5803.386161804199,
            "max": 7930.93766784668,
            "count": 100
        },
        "AGV.Step.mean": {
            "value": 499990.0,
            "min": 4992.0,
            "max": 499990.0,
            "count": 100
        },
        "AGV.Step.sum": {
            "value": 499990.0,
            "min": 4992.0,
            "max": 499990.0,
            "count": 100
        },
        "AGV.Policy.ExtrinsicValueEstimate.mean": {
            "value": -0.008934326469898224,
            "min": -4.234662055969238,
            "max": 0.132969468832016,
            "count": 100
        },
        "AGV.Policy.ExtrinsicValueEstimate.sum": {
            "value": -4.243804931640625,
            "min": -1295.806640625,
            "max": 36.832542419433594,
            "count": 100
        },
        "AGV.Environment.CumulativeReward.mean": {
            "value": -2.0499924187911183,
            "min": -12.24806397825807,
            "max": -2.0441013525340184,
            "count": 100
        },
        "AGV.Environment.CumulativeReward.sum": {
            "value": -973.7463989257812,
            "min": -3348.0184478759766,
            "max": -868.534553527832,
            "count": 100
        },
        "AGV.Policy.ExtrinsicReward.mean": {
            "value": -2.0499924187911183,
            "min": -12.24806397825807,
            "max": -2.0441013525340184,
            "count": 100
        },
        "AGV.Policy.ExtrinsicReward.sum": {
            "value": -973.7463989257812,
            "min": -3348.0184478759766,
            "max": -868.534553527832,
            "count": 100
        },
        "AGV.IsTraining.mean": {
            "value": 1.0,
            "min": 1.0,
            "max": 1.0,
            "count": 100
        },
        "AGV.IsTraining.sum": {
            "value": 1.0,
            "min": 1.0,
            "max": 1.0,
            "count": 100
        },
        "AGV.Losses.PolicyLoss.mean": {
            "value": 0.09206777121070572,
            "min": 0.06642543514100636,
            "max": 0.11199713105796485,
            "count": 83
        },
        "AGV.Losses.PolicyLoss.sum": {
            "value": 0.09206777121070572,
            "min": 0.06642543514100636,
            "max": 0.11199713105796485,
            "count": 83
        },
        "AGV.Losses.ValueLoss.mean": {
            "value": 0.09680699741327635,
            "min": 0.007144877451762397,
            "max": 10.538943564638178,
            "count": 83
        },
        "AGV.Losses.ValueLoss.sum": {
            "value": 0.09680699741327635,
            "min": 0.007144877451762397,
            "max": 10.538943564638178,
            "count": 83
        },
        "AGV.Policy.LearningRate.mean": {
            "value": 1.2629987379999848e-07,
            "min": 1.2629987379999848e-07,
            "max": 9.878860121140007e-05,
            "count": 83
        },
        "AGV.Policy.LearningRate.sum": {
            "value": 1.2629987379999848e-07,
            "min": 1.2629987379999848e-07,
            "max": 9.878860121140007e-05,
            "count": 83
        },
        "AGV.Policy.Epsilon.mean": {
            "value": 0.10012620000000004,
            "min": 0.10012620000000004,
            "max": 0.19878860000000004,
            "count": 83
        },
        "AGV.Policy.Epsilon.sum": {
            "value": 0.10012620000000004,
            "min": 0.10012620000000004,
            "max": 0.19878860000000004,
            "count": 83
        },
        "AGV.Policy.Beta.mean": {
            "value": 1.1249379999999991e-05,
            "min": 1.1249379999999991e-05,
            "max": 0.0009880071399999998,
            "count": 83
        },
        "AGV.Policy.Beta.sum": {
            "value": 1.1249379999999991e-05,
            "min": 1.1249379999999991e-05,
            "max": 0.0009880071399999998,
            "count": 83
        }
    },
    "metadata": {
        "timer_format_version": "0.1.0",
        "start_time_seconds": "1667949319",
        "python_version": "3.7.13 (default, Mar 28 2022, 08:03:21) [MSC v.1916 64 bit (AMD64)]",
        "command_line_arguments": "C:\\Users\\diego\\anaconda3\\envs\\mlagents\\Scripts\\mlagents-learn C:\\Users\\diego\\Documents\\Pipe_parasite\\config\\3x3x2.yaml --env C:\\Users\\diego\\Documents\\Pipe_parasite\\3x3x2\\ins_1\\FAS.exe --no-graphics --run-id 3x3x2_ins_1 --num-envs 4 --base-port 5010",
        "mlagents_version": "0.28.0",
        "mlagents_envs_version": "0.28.0",
        "communication_protocol_version": "1.5.0",
        "pytorch_version": "1.7.1+cu110",
        "numpy_version": "1.21.6",
        "end_time_seconds": "1667950059"
    },
    "total": 740.3956093,
    "count": 1,
    "self": 0.36302340000008826,
    "children": {
        "run_training.setup": {
            "total": 0.3322436,
            "count": 1,
            "self": 0.3322436
        },
        "TrainerController.start_learning": {
            "total": 739.7003423,
            "count": 1,
            "self": 2.281597300010162,
            "children": {
                "TrainerController._reset_env": {
                    "total": 3.7488314,
                    "count": 1,
                    "self": 3.7488314
                },
                "TrainerController.advance": {
                    "total": 733.5641949999898,
                    "count": 65988,
                    "self": 2.0624755999796207,
                    "children": {
                        "env_step": {
                            "total": 416.9033729000003,
                            "count": 65988,
                            "self": 98.71854469999334,
                            "children": {
                                "SubprocessEnvManager._take_step": {
                                    "total": 316.8522610000068,
                                    "count": 99063,
                                    "self": 6.36467950001753,
                                    "children": {
                                        "TorchPolicy.evaluate": {
                                            "total": 310.4875814999893,
                                            "count": 81088,
                                            "self": 144.11177099998554,