{
    "name": "root",
    "gauges": {
        "AGV.Policy.Entropy.mean": {
            "value": 0.13137760758399963,
            "min": 0.07188108563423157,
            "max": 1.9421837329864502,
            "count": 440
        },
        "AGV.Policy.Entropy.sum": {
            "value": 668.31787109375,
            "min": 350.8515930175781,
            "max": 13101.890625,
            "count": 440
        },
        "AGV.JSSP.best-makespan.mean": {
            "value": 46.30078125,
            "min": -1.0,
            "max": 64.4683609008789,
            "count": 440
        },
        "AGV.JSSP.best-makespan.sum": {
            "value": 46.30078125,
            "min": -1.0,
            "max": 64.4683609008789,
            "count": 440
        },
        "AGV.TrainingStep.mean": {
            "value": 22886.0,
            "min": 102.0,
            "max": 22994.0,
            "count": 440
        },
        "AGV.TrainingStep.sum": {
            "value": 22886.0,
            "min": 102.0,
            "max": 22994.0,
            "count": 440
        },
        "AGV.Environment.EpisodeLength.mean": {
            "value": 14.634375,
            "min": 14.450617283950617,
            "max": 32.03947368421053,
            "count": 440
        },
        "AGV.Environment.EpisodeLength.sum": {
            "value": 4683.0,
            "min": 4608.0,
            "max": 4893.0,
            "count": 440
        },
        "AGV.JSSP.AverageMakespan.mean": {
            "value": 47.1598902463913,
            "min": 46.818544411961035,
            "max": 79.45530245854304,
            "count": 440
        },
        "AGV.JSSP.AverageMakespan.sum": {
            "value": 7545.582439422607,
            "min": 5512.758659362793,
            "max": 7637.454162597656,
            "count": 440
        },
        "AGV.Step.mean": {
            "value": 2199991.0,
            "min": 4987.0,
            "max": 2199991.0,
            "count": 440
        },
        "AGV.Step.sum": {
            "value": 2199991.0,
            "min": 4987.0,
            "max": 2199991.0,
            "count": 440
        },
        "AGV.Policy.ExtrinsicValueEstimate.mean": {
            "value": -2.924243927001953,
            "min": -12.056238174438477,
            "max": 0.2247532159090042,
            "count": 440
        },
        "AGV.Policy.ExtrinsicValueEstimate.sum": {
            "value": -935.758056640625,
            "min": -2502.87890625,
            "max": 35.511009216308594,
            "count": 440
        },
        "AGV.Environment.CumulativeReward.mean": {
            "value": -11.923874390125274,
            "min": -44.64813500681231,
            "max": -11.865653143988716,
            "count": 440
        },
        "AGV.Environment.CumulativeReward.sum": {
            "value": -3815.639804840088,
            "min": -7325.692680358887,
            "max": -3233.438793182373,
            "count": 440
        },
        "AGV.Policy.ExtrinsicReward.mean": {
            "value": -11.923874390125274,
            "min": -44.64813500681231,
            "max": -11.865653143988716,
            "count": 440
        },
        "AGV.Policy.ExtrinsicReward.sum": {
            "value": -3815.639804840088,
            "min": -7325.692680358887,
            "max": -3233.438793182373,
            "count": 440
        },
        "AGV.IsTraining.mean": {
            "value": 1.0,
            "min": 1.0,
            "max": 1.0,
            "count": 440
        },
        "AGV.IsTraining.sum": {
            "value": 1.0,
            "min": 1.0,
            "max": 1.0,
            "count": 440
        },
        "AGV.Losses.PolicyLoss.mean": {
            "value": 0.09617704441470484,
            "min": 0.077815707019986,
            "max": 0.12448537692506896,
            "count": 365
        },
        "AGV.Losses.PolicyLoss.sum": {
            "value": 0.09617704441470484,
            "min": 0.077815707019986,
            "max": 0.12448537692506896,
            "count": 365
        },
        "AGV.Losses.ValueLoss.mean": {
            "value": 0.16141525187319325,
            "min": 0.007060458961253365,
            "max": 70.65906808731404,
            "count": 365
        },
        "AGV.Losses.ValueLoss.sum": {
            "value": 0.16141525187319325,
            "min": 0.007060458961253365,
            "max": 70.65906808731404,
            "count": 365
        },
        "AGV.Policy.LearningRate.mean": {
            "value": 5.537267199999875e-08,
            "min": 5.537267199999875e-08,
            "max": 9.972395482150006e-05,
            "count": 365
        },
        "AGV.Policy.LearningRate.sum": {
            "value": 5.537267199999875e-08,
            "min": 5.537267199999875e-08,
            "max": 9.972395482150006e-05,
            "count": 365
        },
        "AGV.Policy.Epsilon.mean": {
            "value": 0.10005527272727276,
            "min": 0.10005527272727276,
            "max": 0.19972395454545455,
            "count": 365
        },
        "AGV.Policy.Epsilon.sum": {
            "value": 0.10005527272727276,
            "min": 0.10005527272727276,
            "max": 0.19972395454545455,
            "count": 365
        },
        "AGV.Policy.Beta.mean": {
            "value": 1.0547199999999993e-05,
            "min": 1.0547199999999993e-05,
            "max": 0.0009972671499999994,
            "count": 365
        },
        "AGV.Policy.Beta.sum": {
            "value": 1.0547199999999993e-05,
            "min": 1.0547199999999993e-05,
            "max": 0.0009972671499999994,
            "count": 365
        }
    },
    "metadata": {
        "timer_format_version": "0.1.0",
        "start_time_seconds": "1667950696",
        "python_version": "3.7.13 (default, Mar 28 2022, 08:03:21) [MSC v.1916 64 bit (AMD64)]",
        "command_line_arguments": "C:\\Users\\diego\\anaconda3\\envs\\mlagents\\Scripts\\mlagents-learn C:\\Users\\diego\\Documents\\Pipe_parasite\\config\\6x3x2.yaml --env C:\\Users\\diego\\Documents\\Pipe_parasite\\6x3x2\\ins_0\\FAS.exe --no-graphics --run-id 6x3x2_ins_0 --num-envs 4",
        "mlagents_version": "0.28.0",
        "mlagents_envs_version": "0.28.0",
        "communication_protocol_version": "1.5.0",
        "pytorch_version": "1.7.1+cu110",
        "numpy_version": "1.21.6",
        "end_time_seconds": "1667953869"
    },
    "total": 3172.3326815,
    "count": 1,
    "self": 0.4198003000001336,
    "children": {
        "run_training.setup": {
            "total": 0.42213849999999997,
            "count": 1,
            "self": 0.42213849999999997
        },
        "TrainerController.start_learning": {
            "total": 3171.4907427,
            "count": 1,
            "self": 10.305301699909705,
            "children": {
                "TrainerController._reset_env": {
                    "total": 9.2517513,
                    "count": 1,
                    "self": 9.2517513
                },
                "TrainerController.advance": {
                    "total": 3151.8232172000908,
                    "count": 305494,
                    "self": 10.19626910014631,
                    "children": {
                        "env_step": {
                            "total": 1940.898094600007,
                            "count": 305494,
                            "self": 442.2226894000089,
                            "children": {
                                "SubprocessEnvManager._take_step": {
                                    "total": 1492.4336695999475,
                                    "count": 426609,
                                    "self": 31.02891160004924,
                                    "children": {
                                        "TorchPolicy.evaluate": {
                                            "total": 1461.4047579998983,
                                            "count": 369836,
                                            "self": 680.2763558000021,