{
    "name": "root",
    "gauges": {
        "AGV.Policy.Entropy.mean": {
            "value": 0.15039820969104767,
            "min": 0.09364041686058044,
            "max": 1.9423940181732178,
            "count": 440
        },
        "AGV.Policy.Entropy.sum": {
            "value": 725.67138671875,
            "min": 453.7746276855469,
            "max": 12883.60546875,
            "count": 440
        },
        "AGV.JSSP.best-makespan.mean": {
            "value": 49.17626190185547,
            "min": -1.0,
            "max": 59.97999572753906,
            "count": 440
        },
        "AGV.JSSP.best-makespan.sum": {
            "value": 49.17626190185547,
            "min": -1.0,
            "max": 59.97999572753906,
            "count": 440
        },
        "AGV.TrainingStep.mean": {
            "value": 22903.0,
            "min": 54.0,
            "max": 22919.0,
            "count": 440
        },
        "AGV.TrainingStep.sum": {
            "value": 22903.0,
            "min": 54.0,
            "max": 22919.0,
            "count": 440
        },
        "AGV.Environment.EpisodeLength.mean": {
            "value": 14.571875,
            "min": 13.922155688622755,
            "max": 30.968354430379748,
            "count": 440
        },
        "AGV.Environment.EpisodeLength.sum": {
            "value": 4663.0,
            "min": 4619.0,
            "max": 4988.0,
            "count": 440
        },
        "AGV.JSSP.AverageMakespan.mean": {
            "value": 49.978466796875,
            "min": 49.970278532608695,
            "max": 76.9316695973843,
            "count": 440
        },
        "AGV.JSSP.AverageMakespan.sum": {
            "value": 7996.5546875,
            "min": 5728.798114776611,
            "max": 8399.08889389038,
            "count": 440
        },
        "AGV.Step.mean": {
            "value": 2199992.0,
            "min": 4996.0,
            "max": 2199992.0,
            "count": 440
        },
        "AGV.Step.sum": {
            "value": 2199992.0,
            "min": 4996.0,
            "max": 2199992.0,
            "count": 440
        },
        "AGV.Policy.ExtrinsicValueEstimate.mean": {
            "value": -5.706135272979736,
            "min": -13.706377029418945,
            "max": -0.15538276731967926,
            "count": 440
        },
        "AGV.Policy.ExtrinsicValueEstimate.sum": {
            "value": -1831.66943359375,
            "min": -2958.736572265625,
            "max": -25.482772827148438,
            "count": 440
        },
        "AGV.Environment.CumulativeReward.mean": {
            "value": -20.1262980725535,
            "min": -47.08277411977197,
            "max": -20.117950017578504,
            "count": 440
        },
        "AGV.Environment.CumulativeReward.sum": {
            "value": -6460.541681289673,
            "min": -8080.463579177856,
            "max": -5024.454797744751,
            "count": 440
        },
        "AGV.Policy.ExtrinsicReward.mean": {
            "value": -20.1262980725535,
            "min": -47.08277411977197,
            "max": -20.117950017578504,
            "count": 440
        },
        "AGV.Policy.ExtrinsicReward.sum": {
            "value": -6460.541681289673,
            "min": -8080.463579177856,
            "max": -5024.454797744751,
            "count": 440
        },
        "AGV.IsTraining.mean": {
            "value": 1.0,
            "min": 1.0,
            "max": 1.0,
            "count": 440
        },
        "AGV.IsTraining.sum": {
            "value": 1.0,
            "min": 1.0,
            "max": 1.0,
            "count": 440
        },
        "AGV.Losses.PolicyLoss.mean": {
            "value": 0.08535662526264787,
            "min": 0.06296928581642977,
            "max": 0.17529400110605262,
            "count": 365
        },
        "AGV.Losses.PolicyLoss.sum": {
            "value": 0.08535662526264787,
            "min": 0.06296928581642977,
            "max": 0.17529400110605262,
            "count": 365
        },
        "AGV.Losses.ValueLoss.mean": {
            "value": 0.0027886787403134648,
            "min": 0.00019944387090521212,
            "max": 73.40091475620065,
            "count": 365
        },
        "AGV.Losses.ValueLoss.sum": {
            "value": 0.0027886787403134648,
            "min": 0.00019944387090521212,
            "max": 73.40091475620065,
            "count": 365
        },
        "AGV.Policy.LearningRate.mean": {
            "value": 8.21908269999948e-08,
            "min": 8.21908269999948e-08,
            "max": 9.972677300050004e-05,
            "count": 365
        },
        "AGV.Policy.LearningRate.sum": {
            "value": 8.21908269999948e-08,
            "min": 8.21908269999948e-08,
            "max": 9.972677300050004e-05,
            "count": 365
        },
        "AGV.Policy.Epsilon.mean": {
            "value": 0.10008209090909088,
            "min": 0.10008209090909088,
            "max": 0.1997267727272728,
            "count": 365
        },
        "AGV.Policy.Epsilon.sum": {
            "value": 0.10008209090909088,
            "min": 0.10008209090909088,
            "max": 0.1997267727272728,
            "count": 365
        },
        "AGV.Policy.Beta.mean": {
            "value": 1.081269999999995e-05,
            "min": 1.081269999999995e-05,
            "max": 0.0009972950499999998,
            "count": 365
        },
        "AGV.Policy.Beta.sum": {
            "value": 1.081269999999995e-05,
            "min": 1.081269999999995e-05,
            "max": 0.0009972950499999998,
            "count": 365
        }
    },
    "metadata": {
        "timer_format_version": "0.1.0",
        "start_time_seconds": "1667950651",
        "python_version": "3.7.13 (default, Mar 28 2022, 08:03:21) [MSC v.1916 64 bit (AMD64)]",
        "command_line_arguments": "C:\\Users\\diego\\anaconda3\\envs\\mlagents\\Scripts\\mlagents-learn C:\\Users\\diego\\Documents\\Pipe_parasite\\config\\6x3x2.yaml --env C:\\Users\\diego\\Documents\\Pipe_parasite\\6x3x2\\ins_2\\FAS.exe --no-graphics --run-id 6x3x2_ins_2 --num-envs 4 --base-port 5020",
        "mlagents_version": "0.28.0",
        "mlagents_envs_version": "0.28.0",
        "communication_protocol_version": "1.5.0",
        "pytorch_version": "1.7.1+cu110",
        "numpy_version": "1.21.6",
        "end_time_seconds": "1667953912"
    },
    "total": 3260.1945593,
    "count": 1,
    "self": 0.34663110000019515,
    "children": {
        "run_training.setup": {
            "total": 0.25939140000000005,
            "count": 1,
            "self": 0.25939140000000005
        },
        "TrainerController.start_learning": {
            "total": 3259.5885368,
            "count": 1,
            "self": 10.77214019997291,
            "children": {
                "TrainerController._reset_env": {
                    "total": 2.3007006,
                    "count": 1,
                    "self": 2.3007006
                },
                "TrainerController.advance": {
                    "total": 3246.4342835000275,
                    "count": 325656,
                    "self": 10.120437999973547,
                    "children": {
                        "env_step": {
                            "total": 2034.6359383000045,
                            "count": 325656,
                            "self": 455.80181390002735,
                            "children": {
                                "SubprocessEnvManager._take_step": {
                                    "total": 1572.350672199974,
                                    "count": 451818,
                                    "self": 32.55871080000156,
                                    "children": {
                                        "TorchPolicy.evaluate": {
                                            "total": 1539.7919613999725,
                                            "count": 393974,